,name,age,sex,sex_role,atk,defend,health,spd,exp,batas_exp,stamina,level,coin,batas_hungry,role,pasangan,siap_pasangan
0,Lyndy,18,Perempuan,Dewasa Muda,459,463,2599,208,2204,2600,284,25,12442,17,Fighter,,False
1,Caiman,26,Laki-laki,Dewasa Muda,425,457,2693,210,2560,2600,338,25,-6613,40,Fighter,,False
2,Owena,19,Perempuan,Dewasa Muda,462,433,2058,202,821,2600,255,25,7427,19,Fighter,,False
3,Chloe,25,Laki-laki,Dewasa Muda,444,468,2360,177,21,2700,334,26,14182,39,Fighter,,False
4,Teeka,26,Perempuan,Dewasa Muda,443,447,2769,226,2521,2600,333,25,101,39,Fighter,,False
5,Antonitte,40,Perempuan,Dewasa Tua,440,488,2604,231,824,2600,291,25,2040,31,Fighter,,False
6,Oaklee,39,Laki-laki,Dewasa Tua,414,421,2063,198,2240,2500,359,24,-1517,19,Fighter,,False
7,Edan,39,Laki-laki,Dewasa Tua,363,434,2487,207,893,2400,282,23,-125,23,Fighter,,False
8,Muath,22,Laki-laki,Dewasa Muda,479,442,2656,168,2162,2600,315,25,41410,10,Panglima,,False
9,Gabina,28,Perempuan,Dewasa Muda,435,406,2435,215,346,2500,286,24,5790,12,Fighter,,False
10,Rodney,39,Perempuan,Dewasa Tua,399,429,2195,235,962,2500,331,24,-201,21,Fighter,,False
11,Animesh,27,Laki-laki,Dewasa Muda,464,451,2323,189,2346,2600,309,25,21939,4,Fighter,,False
12,Derion,41,Laki-laki,Dewasa Tua,397,434,2157,164,1654,2400,319,23,1857,21,Fighter,,False
13,Profit,26,Laki-laki,Dewasa Muda,450,448,2806,206,116,2600,259,25,2111,10,Penduduk,,False
14,Ryujin,21,Laki-laki,Dewasa Muda,434,456,2891,180,723,2600,314,25,-7748,13,Fighter,,False
15,Dewone,38,Laki-laki,Dewasa Tua,445,464,2668,163,2431,2600,291,25,11455,25,Fighter,,False
16,Guisell,28,Perempuan,Dewasa Muda,407,438,2681,202,1339,2500,322,24,-5376,26,Penduduk,,False
17,Mokshith,20,Laki-laki,Dewasa Muda,452,425,2759,193,299,2600,283,25,6553,6,Fighter,,False
18,Merald,30,Laki-laki,Dewasa Tua,460,463,2344,199,805,2600,355,25,214,12,Fighter,,False
19,Sundi,28,Perempuan,Dewasa Muda,466,442,2595,214,36,2600,293,25,3437,27,Fighter,,False
20,Cathyann,40,Perempuan,Dewasa Tua,479,427,2825,193,1174,2600,313,25,6498,20,Fighter,,False
21,Ogheneruno,30,Laki-laki,Dewasa Tua,471,466,2832,224,983,2600,271,25,1463,40,Fighter,,False
22,Carlis,21,Laki-laki,Dewasa Muda,404,438,2950,202,255,2600,354,25,10124,21,Fighter,,False
23,Chanay,21,Perempuan,Dewasa Muda,446,458,2164,179,2209,2600,346,25,-8585,19,Fighter,,False
24,Jmyah,22,Perempuan,Dewasa Muda,455,470,2750,210,134,2600,275,25,6531,25,Fighter,,False
25,Annely,17,Perempuan,Dewasa Muda,446,461,2246,213,660,2600,314,25,822,39,Fighter,,False
26,Maximo,41,Laki-laki,Dewasa Tua,440,446,2213,209,2056,2600,307,25,-2845,19,Fighter,,False
27,Lilyin,35,Perempuan,Dewasa Tua,396,446,2209,198,668,2500,282,24,-359,38,Fighter,,False
28,Andelyn,32,Perempuan,Dewasa Tua,461,443,2233,187,2294,2600,271,25,-5233,18,Fighter,,False
29,Sayli,26,Perempuan,Dewasa Muda,405,411,2775,215,2300,2500,260,24,11554,33,Fighter,,False
30,Ezio,23,Laki-laki,Dewasa Muda,480,453,2429,212,799,2700,362,26,9880,12,Fighter,,False
31,Zea,24,Perempuan,Dewasa Muda,438,472,2637,202,0,2700,346,26,5303,34,Penduduk,,False
32,Nouvelle,17,Perempuan,Dewasa Muda,433,458,2151,251,590,2600,309,25,3853,20,Fighter,,False
33,Angle,42,Laki-laki,Dewasa Tua,449,397,2311,238,2508,2600,288,25,5856,19,Fighter,,False
34,Auriel,25,Laki-laki,Dewasa Muda,471,480,2003,219,2307,2600,337,25,7696,27,Fighter,,False
35,Decia,38,Perempuan,Dewasa Tua,424,383,2951,221,82,2600,316,25,6887,39,Penduduk,,False
36,Brenn,38,Perempuan,Dewasa Tua,448,472,2764,183,627,2600,282,25,11618,29,Prajurit,,False
37,Urias,26,Laki-laki,Dewasa Muda,469,470,2791,202,2399,2600,313,25,29714,19,Prajurit,,False
38,Lyam,20,Laki-laki,Dewasa Muda,465,440,2715,204,1649,2600,325,25,769,29,Prajurit,,False
39,Jaromir,17,Laki-laki,Dewasa Muda,432,435,2709,179,1839,2600,301,25,15676,3,Fighter,,False
40,Gillen,26,Laki-laki,Dewasa Muda,454,482,2253,207,334,2600,302,25,6583,34,Fighter,,False
41,Sedonia,17,Perempuan,Dewasa Muda,384,473,2232,194,391,2500,293,24,-1542,15,Fighter,,False
42,Mac,40,Laki-laki,Dewasa Tua,446,442,2332,168,1985,2600,305,25,4096,30,Fighter,,False
43,Merredith,28,Perempuan,Dewasa Muda,418,435,2568,222,2542,2600,267,25,11098,6,Penduduk,,False
44,Linen,38,Perempuan,Dewasa Tua,452,438,2056,243,1343,2600,320,25,10800,33,Fighter,,False
45,Aileah,19,Perempuan,Dewasa Muda,423,423,2431,178,69,2600,325,25,-3925,25,Fighter,,False
46,Tralaya,31,Perempuan,Dewasa Tua,467,454,2838,200,199,2600,261,25,-10712,22,Fighter,,False
47,Cabren,41,Laki-laki,Dewasa Tua,465,461,2801,215,1712,2600,350,25,16434,10,Fighter,,False
48,Annakiya,29,Perempuan,Dewasa Muda,430,480,2716,221,650,2600,319,25,7062,29,Penduduk,,False
49,Zaden,38,Laki-laki,Dewasa Tua,427,438,2601,193,2250,2600,271,25,15939,45,Fighter,,False
50,Carlyssa,17,Perempuan,Dewasa Muda,482,416,2116,215,1726,2600,279,25,-8305,20,Fighter,,False
51,Urmi,26,Perempuan,Dewasa Muda,483,414,2880,189,1374,2600,309,25,89524,6,Queen,,False
52,Gabryelle,24,Perempuan,Dewasa Muda,459,528,2052,159,211,2700,345,26,8102,6,Fighter,,False
53,Blanch,26,Laki-laki,Dewasa Muda,468,440,2676,213,2381,2600,275,25,8165,4,Fighter,,False
54,Eduan,32,Laki-laki,Dewasa Tua,423,474,2487,212,356,2600,341,25,-2079,11,Fighter,,False
55,Jazmyne,36,Perempuan,Dewasa Tua,453,471,2287,192,2405,2600,242,25,15538,36,Fighter,,False
56,Justise,25,Perempuan,Dewasa Muda,388,417,2495,181,1096,2400,312,23,896,18,Fighter,,False
57,Ruman,36,Perempuan,Dewasa Tua,442,465,2426,192,1293,2600,330,25,20258,30,Fighter,,False
58,Gerhart,23,Laki-laki,Dewasa Muda,461,441,2037,229,1603,2600,245,25,568,42,Fighter,,False
59,Camilla,35,Laki-laki,Dewasa Tua,422,443,2654,182,133,2500,309,24,6629,26,Fighter,,False
60,Jarrian,31,Laki-laki,Dewasa Tua,489,467,2687,188,436,2700,314,26,16831,26,Penduduk,,False
61,Gaitlin,29,Perempuan,Dewasa Muda,466,418,2879,210,1436,2600,299,25,4322,41,Fighter,,False
62,Keyon,22,Laki-laki,Dewasa Muda,471,420,2586,174,2162,2500,259,24,-12973,2,Fighter,,False
63,Rashauna,27,Perempuan,Dewasa Muda,457,481,2370,200,2571,2600,333,25,20748,23,Fighter,,False
64,Shalawn,20,Perempuan,Dewasa Muda,440,421,2770,162,2020,2600,365,25,-5066,18,Fighter,,False
65,Claria,20,Perempuan,Dewasa Muda,402,425,2240,168,112,2500,309,24,-1077,11,Fighter,,False
66,febri dianisya,32,Perempuan,Dewasa Tua,388,418,2055,199,2239,2400,284,23,2106,27,Fighter,,False
67,Jnaya,22,Perempuan,Dewasa Muda,423,403,2062,186,967,2500,275,24,4136,9,Fighter,,False
68,Gaetano,30,Laki-laki,Dewasa Tua,440,445,2705,182,246,2600,316,25,-1586,28,Penduduk,,False
69,Barsha,20,Perempuan,Dewasa Muda,411,395,2669,197,2450,2500,298,24,17908,39,Penduduk,,False
70,Selica,33,Perempuan,Dewasa Tua,457,463,2732,202,1559,2600,277,25,-5635,13,Fighter,,False
71,Dylam,40,Laki-laki,Dewasa Tua,395,471,2394,187,1099,2500,328,24,12280,36,Penduduk,,False
72,Kaysean,41,Laki-laki,Dewasa Tua,438,429,2256,229,697,2600,300,25,4545,39,Fighter,,False
73,Kaidra,18,Perempuan,Dewasa Muda,471,427,2522,237,2502,2600,339,25,-13177,6,Fighter,,False
74,Kawanis,24,Perempuan,Dewasa Muda,457,451,2144,204,894,2600,307,25,4653,16,Fighter,,False
75,Camerin,27,Perempuan,Dewasa Muda,425,460,2175,218,1893,2500,274,24,15465,20,Penduduk,,False
76,Odie,42,Laki-laki,Dewasa Tua,426,446,2518,204,2228,2600,363,25,82,20,Fighter,,False
77,Iviannah,38,Perempuan,Dewasa Tua,430,462,2397,237,160,2700,345,26,7688,17,Penduduk,,False
78,Wilnesha,18,Perempuan,Dewasa Muda,419,463,2583,210,1378,2600,338,25,-7103,15,Fighter,,False
79,Gurtaaj,40,Laki-laki,Dewasa Tua,397,425,2162,193,1842,2500,339,24,7442,28,Fighter,,False
80,Eliah,31,Laki-laki,Dewasa Tua,452,435,2346,168,1535,2600,288,25,3236,18,Fighter,,False
81,Jermecia,36,Perempuan,Dewasa Tua,459,418,2640,192,2301,2600,306,25,7783,33,Penduduk,,False
82,Aeisha,22,Perempuan,Dewasa Muda,359,392,1988,200,1864,2400,341,23,598,46,Fighter,,False
83,Arham,42,Laki-laki,Dewasa Tua,452,452,2534,207,2436,2600,283,25,35760,2,Fighter,,False
84,Radford,29,Laki-laki,Dewasa Muda,462,485,2335,240,159,2700,342,26,-5106,11,Fighter,,False
85,Dairion,41,Laki-laki,Dewasa Tua,449,430,2573,204,785,2600,301,25,17063,23,Fighter,,False
86,Rydin,36,Laki-laki,Dewasa Tua,467,471,2506,194,783,2700,315,26,17689,16,Fighter,,False
87,Rilan,39,Laki-laki,Dewasa Tua,371,398,2145,214,1885,2400,290,23,4739,19,Fighter,,False
88,Calvon,19,Laki-laki,Dewasa Muda,457,460,2045,229,1597,2600,334,25,10254,22,Fighter,,False
89,Amoret,28,Perempuan,Dewasa Muda,438,432,1984,195,2395,2500,279,24,-984,20,Fighter,,False
90,Ladonta,28,Laki-laki,Dewasa Muda,482,482,2876,192,1802,2700,385,26,12863,45,Fighter,,False
91,Johm,21,Laki-laki,Dewasa Muda,423,456,2054,202,1793,2500,303,24,7136,28,Fighter,,False
92,Dee,21,Perempuan,Dewasa Muda,459,459,2289,172,2296,2600,343,25,1750,17,Fighter,,False
93,Angelik,35,Perempuan,Dewasa Tua,442,443,2700,183,1711,2600,330,25,-5891,25,Fighter,,False
94,Baley,18,Laki-laki,Dewasa Muda,429,455,2757,198,2491,2600,335,25,15971,27,Fighter,,False
95,Saranda,34,Perempuan,Dewasa Tua,456,446,2155,219,2482,2600,365,25,10766,12,Fighter,,False
96,Paty,23,Perempuan,Dewasa Muda,417,460,2678,211,586,2600,318,25,11222,36,Fighter,,False
97,Yesica,21,Laki-laki,Dewasa Muda,408,427,2357,175,2096,2400,266,23,-2889,19,Fighter,,False
98,Tannyr,27,Laki-laki,Dewasa Muda,402,428,2407,169,755,2400,251,23,-559,32,Penduduk,,False
99,Dorinna,27,Perempuan,Dewasa Muda,487,457,2722,189,283,2700,345,26,-3352,30,Fighter,,False
100,Eulamae,24,Perempuan,Dewasa Muda,396,385,2128,187,247,2500,308,24,-6509,27,Fighter,,False
101,Joneisha,37,Perempuan,Dewasa Tua,426,452,2586,213,729,2600,268,25,4336,20,Fighter,,False
102,Narvie,30,Laki-laki,Dewasa Tua,424,424,2663,198,2268,2600,307,25,10116,16,Fighter,,False
103,Nafisa,20,Perempuan,Dewasa Muda,463,443,2446,193,1684,2600,333,25,-10802,10,Fighter,,False
104,Elioenai,25,Laki-laki,Dewasa Muda,436,478,2182,213,789,2600,307,25,-8844,17,Fighter,,False
105,Colgan,20,Laki-laki,Dewasa Muda,409,421,2055,192,2026,2500,252,24,-3538,26,Fighter,,False
106,iqbal akbar ghofur,28,Laki-laki,Dewasa Muda,439,488,2668,235,1740,2600,336,25,6768,37,Fighter,,False
107,Tamonica,32,Perempuan,Dewasa Tua,445,442,2679,197,2472,2600,278,25,17849,31,Fighter,,False
108,gino,36,Laki-laki,Dewasa Tua,495,469,2377,197,648,2600,293,25,-6441,5,Fighter,,False
109,Hanley,17,Perempuan,Dewasa Muda,523,442,2266,222,1784,2700,373,26,8318,22,Penduduk,,False
110,Debb,35,Perempuan,Dewasa Tua,429,460,2601,223,2129,2600,319,25,22682,26,Fighter,,False
111,Taren,40,Laki-laki,Dewasa Tua,382,405,2545,185,861,2400,285,23,-1545,33,Fighter,,False
112,Decimus,32,Laki-laki,Dewasa Tua,442,472,2218,203,1628,2600,287,25,10486,12,Fighter,,False
113,Montsho,34,Laki-laki,Dewasa Tua,439,423,2689,188,2253,2600,325,25,16023,15,Fighter,,False
114,Habram,28,Laki-laki,Dewasa Muda,510,481,2131,164,1950,2600,355,25,-863,26,Penduduk,,False
115,Quantia,41,Perempuan,Dewasa Tua,482,488,2947,227,2149,2600,330,25,1653,49,Fighter,,False
116,Sequoya,17,Laki-laki,Dewasa Muda,495,449,2510,194,1194,2600,298,25,-14649,17,Fighter,,False
117,Kamrin,35,Laki-laki,Dewasa Tua,445,477,2499,198,1726,2600,298,25,3465,3,Fighter,,False
118,Aaradhya,41,Perempuan,Dewasa Tua,490,486,2203,172,201,2700,269,26,7699,19,Fighter,,False
119,Tamari,41,Laki-laki,Dewasa Tua,421,455,2598,216,1047,2500,300,24,4207,27,Fighter,,False
120,Ilo,18,Laki-laki,Dewasa Muda,377,448,2235,216,678,2500,293,24,5850,12,Fighter,,False
121,Kaelen,41,Laki-laki,Dewasa Tua,462,406,2037,220,2460,2500,324,24,-1545,31,Fighter,,False
122,nu' in sofyan,24,Laki-laki,Dewasa Muda,451,461,2347,180,576,2600,302,25,4633,8,Fighter,,False
123,Landun,40,Laki-laki,Dewasa Tua,393,378,2233,189,206,2500,271,24,-83,23,Fighter,,False
124,Kamarra,32,Perempuan,Dewasa Tua,483,486,2587,188,1503,2600,287,25,-6892,26,Fighter,,False
125,Deette,28,Perempuan,Dewasa Muda,469,471,2141,205,2333,2600,313,25,8858,12,Fighter,,False
126,Kymberle,27,Perempuan,Dewasa Muda,390,416,2308,202,1622,2400,347,23,1008,23,Fighter,,False
127,Shaquarius,34,Perempuan,Dewasa Tua,499,454,2286,195,1425,2700,318,26,3643,6,Fighter,,False
128,Glennette,39,Perempuan,Dewasa Tua,471,452,2765,210,2548,2600,341,25,-5207,25,Fighter,,False
129,Macala,40,Perempuan,Dewasa Tua,486,467,2529,194,244,2700,336,26,8107,5,Fighter,,False
130,Maicon,38,Laki-laki,Dewasa Tua,454,493,2708,214,417,2700,335,26,16073,32,Fighter,,False
131,Chloeann,24,Perempuan,Dewasa Muda,509,462,2570,228,12,2700,300,26,20260,33,Fighter,,False
132,Erlin,24,Perempuan,Dewasa Muda,461,428,2891,222,1131,2700,317,26,9078,20,Fighter,,False
133,Braeleigh,40,Perempuan,Dewasa Tua,465,422,2601,203,875,2700,316,26,4659,42,Fighter,,False
134,Avroham,26,Laki-laki,Dewasa Muda,485,470,2716,208,323,2700,359,26,3730,11,Fighter,,False
135,Cristofher,26,Laki-laki,Dewasa Muda,469,440,2660,220,1696,2600,297,25,905,31,Penduduk,,False
136,Guila,33,Perempuan,Dewasa Tua,492,451,2817,240,82,2700,322,26,17275,42,Prajurit,,False
137,Beonica,25,Perempuan,Dewasa Muda,361,434,2676,221,2046,2400,248,23,-943,23,Fighter,,False
138,Chellsey,30,Perempuan,Dewasa Tua,457,443,2241,168,2061,2600,333,25,3815,24,Fighter,,False
139,Caida,25,Perempuan,Dewasa Muda,457,435,2583,144,2498,2600,316,25,1440,8,Fighter,,False
140,Khelen,17,Laki-laki,Dewasa Muda,465,403,2660,162,1226,2600,278,25,-2350,8,Fighter,,False
141,Tania,20,Perempuan,Dewasa Muda,392,437,2353,169,1750,2400,261,23,-3716,10,Fighter,,False
142,Wylen,27,Laki-laki,Dewasa Muda,477,419,2005,223,1433,2600,290,25,5,22,Penduduk,,False
143,Calep,36,Laki-laki,Dewasa Tua,460,443,2847,191,1207,2600,335,25,2620,2,Fighter,,False
144,Skylynne,36,Perempuan,Dewasa Tua,399,424,2363,183,1384,2500,307,24,1953,3,Fighter,,False
145,Taizley,34,Perempuan,Dewasa Tua,436,398,2277,215,985,2600,294,25,-18984,14,Fighter,,False
146,Danie,41,Laki-laki,Dewasa Tua,460,447,2459,236,197,2600,309,25,8052,11,Fighter,,False
147,Ryleeann,21,Perempuan,Dewasa Muda,389,418,2113,166,2040,2400,333,23,1710,22,Fighter,,False
148,Davinna,31,Perempuan,Dewasa Tua,443,489,2633,213,2205,2600,326,25,27008,18,Fighter,,False
149,Mario,33,Perempuan,Dewasa Tua,481,471,2715,210,2594,2600,282,25,8106,39,Fighter,,False
150,Aleeshia,23,Perempuan,Dewasa Muda,410,457,1927,221,1100,2400,264,23,3003,8,Penduduk,,False
151,Sklyer,39,Perempuan,Dewasa Tua,438,454,2431,225,161,2600,334,25,-869,16,Fighter,,False
152,Roneshia,27,Perempuan,Dewasa Muda,461,458,2213,204,1724,2600,300,25,-3941,27,Fighter,,False
153,Tomasina,31,Perempuan,Dewasa Tua,422,435,2716,219,1661,2600,347,25,-7711,13,Fighter,,False
154,Cleata,33,Perempuan,Dewasa Tua,481,485,2458,164,806,2600,328,25,-10729,27,Penduduk,,False
155,Caroline,41,Perempuan,Dewasa Tua,490,414,1976,173,1434,2600,333,25,17295,26,Fighter,,False
156,Jaquisha,18,Perempuan,Dewasa Muda,468,457,2764,194,235,2600,313,25,9314,16,Fighter,,False
157,Aleanah,17,Perempuan,Dewasa Muda,414,380,2184,205,1165,2400,292,23,1900,44,Fighter,,False
158,Wade,20,Laki-laki,Dewasa Muda,482,429,2275,205,350,2700,364,26,29319,22,Fighter,,False
159,Camaro,26,Perempuan,Dewasa Muda,452,455,2275,258,638,2600,233,25,7021,7,Fighter,,False
160,Jori,29,Laki-laki,Dewasa Muda,435,475,2682,212,262,2600,277,25,3283,7,Fighter,,False
161,Haylen,17,Perempuan,Dewasa Muda,434,421,2965,197,1999,2600,292,25,17450,36,Prajurit,,False
162,Deronna,18,Perempuan,Dewasa Muda,428,411,2268,195,134,2500,249,24,-16124,15,Fighter,,False
163,Deen,19,Perempuan,Dewasa Muda,401,449,2335,219,452,2500,326,24,6745,33,Fighter,,False
164,Hazleigh,32,Perempuan,Dewasa Tua,439,441,2298,176,31,2600,353,25,-4240,25,Fighter,,False
165,Roianne,39,Perempuan,Dewasa Tua,472,477,2920,171,1865,2600,361,25,4134,31,Prajurit,,False
166,Secia,32,Perempuan,Dewasa Tua,443,446,2319,224,2408,2600,308,25,-6143,12,Fighter,,False
167,Renai,42,Perempuan,Dewasa Tua,477,447,2364,219,396,2600,292,25,-9377,18,Fighter,,False
168,Daton,37,Laki-laki,Dewasa Tua,442,467,2942,143,1383,2600,321,25,1238,23,Fighter,,False
169,Felesia,17,Perempuan,Dewasa Muda,457,491,2443,229,1121,2600,283,25,-8773,7,Fighter,,False
170,Nathel,31,Perempuan,Dewasa Tua,415,462,2752,185,371,2700,356,26,17152,15,Fighter,,False
171,Doreon,19,Laki-laki,Dewasa Muda,426,469,2531,208,1465,2600,336,25,975,36,Fighter,,False
172,Shonni,19,Perempuan,Dewasa Muda,379,417,2608,150,986,2400,291,23,-1945,9,Fighter,,False
173,Claryssa,18,Perempuan,Dewasa Muda,461,463,2223,235,2257,2600,336,25,11359,39,Fighter,,False
174,Justic,41,Laki-laki,Dewasa Tua,485,456,2781,228,209,2700,348,26,9988,36,Penduduk,,False
175,Ellan,29,Perempuan,Dewasa Muda,464,465,2464,222,1401,2700,356,26,154,22,Fighter,,False
176,Jenaia,17,Perempuan,Dewasa Muda,473,428,2606,202,1280,2600,334,25,8543,33,Fighter,,False
177,Calaysia,38,Perempuan,Dewasa Tua,493,486,2804,204,1457,2600,331,25,-12391,12,Fighter,,False
178,Kevion,26,Laki-laki,Dewasa Muda,439,416,2384,179,1964,2600,361,25,-8335,33,Fighter,,False
179,Jalonte,23,Laki-laki,Dewasa Muda,392,449,2639,180,755,2400,244,23,2489,32,Fighter,,False
180,Arva,20,Perempuan,Dewasa Muda,483,408,2623,214,1629,2600,304,25,16196,17,Penduduk,,False
181,Ensign,21,Laki-laki,Dewasa Muda,436,441,2649,207,1919,2600,317,25,-13819,14,Fighter,,False
182,Geneviev,41,Perempuan,Dewasa Tua,409,409,2448,185,96,2500,296,24,589,26,Fighter,,False
183,Regenia,25,Perempuan,Dewasa Muda,431,459,2571,215,1393,2600,315,25,6607,22,Fighter,,False
184,Carmelite,42,Perempuan,Dewasa Tua,455,417,2475,217,225,2600,281,25,-8498,22,Fighter,,False
185,Laurynn,30,Perempuan,Dewasa Tua,426,428,2689,215,2247,2600,315,25,-3135,26,Fighter,,False
186,Durham,25,Laki-laki,Dewasa Muda,434,448,2129,192,1925,2600,314,25,-11892,5,Fighter,,False
187,Cove,19,Perempuan,Dewasa Muda,430,454,2187,208,2382,2600,268,25,19496,20,Fighter,,False
188,Kahseem,41,Laki-laki,Dewasa Tua,429,439,2740,212,1897,2600,330,25,13688,6,Fighter,,False
189,Rubiel,19,Laki-laki,Dewasa Muda,464,451,2789,161,2323,2600,260,25,10944,9,Fighter,,False
190,Javonte,21,Laki-laki,Dewasa Muda,438,456,2778,199,1561,2600,346,25,8812,36,Fighter,,False
191,Mor,28,Laki-laki,Dewasa Muda,402,485,2100,226,11,2500,313,24,-5336,19,Fighter,,False
192,Jasuan,26,Laki-laki,Dewasa Muda,420,455,2722,180,1124,2600,333,25,665,41,Penduduk,,False
193,Zyiere,41,Laki-laki,Dewasa Tua,464,416,2522,174,1956,2600,312,25,-1721,12,Fighter,,False
194,Ellenore,28,Perempuan,Dewasa Muda,448,451,2239,206,2586,2600,283,25,19497,25,Fighter,,False
195,Ty,19,Perempuan,Dewasa Muda,445,452,2305,160,552,2600,297,25,-8824,9,Fighter,,False
196,Kalique,35,Laki-laki,Dewasa Tua,475,472,2162,229,226,2700,339,26,10277,1,Fighter,,False
197,Aruna,23,Perempuan,Dewasa Muda,494,412,2364,217,395,2600,277,25,-13523,29,Penduduk,,False
198,Tavaras,18,Laki-laki,Dewasa Muda,393,387,2329,171,2212,2400,270,23,-1813,15,Fighter,,False
199,Jaequan,30,Laki-laki,Dewasa Tua,449,474,2846,243,1298,2600,322,25,8675,22,Fighter,,False
200,Kachet,28,Perempuan,Dewasa Muda,384,445,2197,196,1499,2400,343,23,-2020,44,Fighter,,False
201,Marelys,20,Perempuan,Dewasa Muda,390,431,2593,173,1694,2400,319,23,2290,31,Fighter,,False
202,Johnelle,38,Laki-laki,Dewasa Tua,487,458,2259,206,2457,2600,300,25,13930,40,Fighter,,False
203,Shreyes,36,Laki-laki,Dewasa Tua,458,480,2630,181,913,2700,329,26,5849,40,Fighter,,False
204,Osteen,32,Laki-laki,Dewasa Tua,460,450,2735,253,1560,2600,309,25,20021,30,Prajurit,,False
205,Chairania,23,Perempuan,Dewasa Muda,441,464,2703,213,2045,2600,301,25,-11837,33,Fighter,,False
206,Jaeceon,27,Laki-laki,Dewasa Muda,435,450,2077,198,1140,2600,306,25,-9635,6,Fighter,,False
207,Murry,41,Perempuan,Dewasa Tua,460,499,2370,211,407,2600,277,25,1130,40,Fighter,,False
208,Haliey,39,Perempuan,Dewasa Tua,463,494,2708,228,354,2700,340,26,-2830,21,Penduduk,,False
209,Callyn,33,Laki-laki,Dewasa Tua,434,431,2815,214,1981,2600,318,25,17483,19,Fighter,,False
210,Tyhiem,36,Laki-laki,Dewasa Tua,449,415,2749,194,2505,2600,307,25,28755,0,Fighter,,False
211,Kinita,18,Perempuan,Dewasa Muda,467,431,2692,225,229,2700,359,26,8220,28,Fighter,,False
212,Kiliyah,42,Perempuan,Dewasa Tua,366,419,2054,189,1840,2400,288,23,2169,27,Fighter,,False
213,Shacora,37,Perempuan,Dewasa Tua,463,473,2611,158,1438,2600,294,25,-4870,4,Fighter,,False
214,Steely,21,Perempuan,Dewasa Muda,478,457,2712,234,2381,2600,269,25,20376,22,Fighter,,False
215,Lorenna,35,Perempuan,Dewasa Tua,416,408,2369,212,1991,2500,322,24,-17383,19,Fighter,,False
216,Pharaoh,17,Laki-laki,Dewasa Muda,397,414,2025,193,1708,2400,296,23,3312,3,Fighter,,False
217,Nathanyel,41,Laki-laki,Dewasa Tua,436,419,2102,212,2555,2600,335,25,10299,34,Fighter,,False
218,Emmerich,35,Laki-laki,Dewasa Tua,406,380,2485,159,966,2400,267,23,1344,10,Fighter,,False
219,Lolo,37,Laki-laki,Dewasa Tua,470,447,2425,188,2127,2600,345,25,16585,16,Fighter,,False
220,Clemens,31,Laki-laki,Dewasa Tua,455,437,2276,234,2268,2600,354,25,10295,36,Fighter,,False
221,Faraz,33,Laki-laki,Dewasa Tua,474,447,2255,216,2110,2600,284,25,8530,8,Fighter,,False
222,Dorrell,19,Laki-laki,Dewasa Muda,462,451,2152,197,2491,2600,346,25,1004,23,Fighter,,False
223,Prue,31,Perempuan,Dewasa Tua,445,464,2167,219,1478,2600,319,25,-6226,26,Fighter,,False
224,Maanya,28,Perempuan,Dewasa Muda,447,446,2862,225,1404,2600,305,25,26612,14,Fighter,,False
225,Kiabeth,29,Perempuan,Dewasa Muda,443,466,2537,221,2145,2600,353,25,-11066,8,Fighter,,False
226,Creigh,38,Laki-laki,Dewasa Tua,521,449,2748,194,1799,2600,321,25,5231,16,Fighter,,False
227,Ovaline,31,Perempuan,Dewasa Tua,454,487,2446,217,776,2700,363,26,12201,26,Fighter,,False
228,Takevia,19,Perempuan,Dewasa Muda,459,469,2725,216,833,2600,255,25,7631,24,Fighter,,False
229,Khotan,34,Laki-laki,Dewasa Tua,388,414,2227,168,2117,2400,260,23,3520,42,Fighter,,False
230,Shubh,37,Laki-laki,Dewasa Tua,473,446,2813,223,526,2600,278,25,7466,34,Prajurit,,False
231,Savalas,25,Laki-laki,Dewasa Muda,430,458,2634,201,2561,2600,285,25,21793,23,Penduduk,,False
232,Adyant,31,Laki-laki,Dewasa Tua,450,436,2551,209,1394,2600,314,25,11013,37,Fighter,,False
233,Kevaris,26,Laki-laki,Dewasa Muda,492,458,2697,214,1451,2600,302,25,19994,1,Fighter,,False
234,Ismaila,34,Laki-laki,Dewasa Tua,397,456,2269,232,1075,2500,273,24,-3068,32,Fighter,,False
235,Trevione,41,Laki-laki,Dewasa Tua,457,469,2469,196,2404,2600,348,25,12061,36,Fighter,,False
236,Lexii,37,Perempuan,Dewasa Tua,458,472,2713,187,2402,2600,317,25,6396,31,Fighter,,False
237,Mazelle,20,Perempuan,Dewasa Muda,455,469,2413,231,1661,2600,291,25,-16166,34,Fighter,,False
238,Jessianna,36,Perempuan,Dewasa Tua,491,460,2251,191,2531,2600,304,25,3031,21,Fighter,,False
239,Dennesly,23,Perempuan,Dewasa Muda,403,389,2062,205,2338,2500,335,24,-1735,25,Penduduk,,False
240,Evelean,29,Perempuan,Dewasa Muda,427,440,1947,212,2452,2500,324,24,6638,26,Fighter,,False
241,Javious,37,Laki-laki,Dewasa Tua,417,413,2384,213,2343,2500,272,24,-7950,24,Penduduk,,False
242,Emilianne,18,Perempuan,Dewasa Muda,457,434,2403,205,607,2600,307,25,17086,18,Fighter,,False
243,Vernitta,30,Perempuan,Dewasa Tua,464,489,2261,218,2546,2600,335,25,19197,16,Penduduk,,False
244,Elpidia,39,Perempuan,Dewasa Tua,470,482,2594,204,26,2700,316,26,15448,18,Fighter,,False
245,Arreona,36,Perempuan,Dewasa Tua,430,461,2777,225,19,2700,362,26,7137,9,Fighter,,False
246,Sahnya,31,Perempuan,Dewasa Tua,468,476,2462,188,408,2700,333,26,6618,40,Fighter,,False
247,Kimann,36,Perempuan,Dewasa Tua,505,403,2310,234,135,2700,313,26,28833,22,Penduduk,,False
248,Malon,41,Perempuan,Dewasa Tua,398,423,2456,218,2276,2500,353,24,-4480,7,Fighter,,False
249,Deion,38,Perempuan,Dewasa Tua,450,459,2802,240,2073,2600,292,25,20981,46,Fighter,,False
250,Murtha,23,Laki-laki,Dewasa Muda,434,429,2578,206,124,2600,319,25,-14702,19,Fighter,,False
251,Anessa,23,Perempuan,Dewasa Muda,464,475,2479,199,1307,2600,295,25,7447,31,Fighter,,False
252,Rajani,36,Perempuan,Dewasa Tua,469,465,2379,192,929,2700,301,26,26694,8,Fighter,,False
253,Charlie,41,Laki-laki,Dewasa Tua,486,474,2713,187,1310,2600,345,25,7179,24,Prajurit,,False
254,Susuhanan,41,Laki-laki,Dewasa Tua,440,436,2130,220,1960,2600,285,25,6476,27,Fighter,,False
255,Chinwendu,34,Perempuan,Dewasa Tua,445,457,2019,185,739,2600,286,25,-6349,8,Fighter,,False
256,Shantavia,26,Perempuan,Dewasa Muda,452,459,2630,237,61,2700,284,26,12645,20,Fighter,,False
257,Xiya,28,Perempuan,Dewasa Muda,502,493,2229,203,632,2700,355,26,28545,12,Fighter,,False
258,Nand,18,Laki-laki,Dewasa Muda,338,437,2710,197,1094,2400,258,23,-4409,11,Fighter,,False
259,Radu,19,Laki-laki,Dewasa Muda,393,377,2515,186,2099,2400,303,23,1743,14,Fighter,,False
260,Shaz,21,Laki-laki,Dewasa Muda,401,459,2612,205,1014,2500,273,24,-257,27,Fighter,,False
261,Magdalene,35,Perempuan,Dewasa Tua,381,458,2305,165,1433,2400,300,23,-2347,18,Penduduk,,False
262,Philisha,17,Perempuan,Dewasa Muda,449,460,2277,216,128,2700,341,26,26228,17,Fighter,,False
263,Sorena,29,Perempuan,Dewasa Muda,485,452,2305,213,2260,2600,339,25,5552,31,Fighter,,False
264,Taeyang,18,Laki-laki,Dewasa Muda,388,466,1892,187,1887,2400,345,23,-590,10,Fighter,,False
265,Taggart,25,Laki-laki,Dewasa Muda,433,438,2678,235,858,2600,280,25,-3343,25,Fighter,,False
266,Zeus,40,Laki-laki,Dewasa Tua,375,418,2358,188,1488,2400,330,23,1224,18,Penduduk,,False
267,Jamesmichael,33,Laki-laki,Dewasa Tua,466,455,2157,219,2312,2600,323,25,7846,46,Penduduk,,False
268,Crishaun,35,Laki-laki,Dewasa Tua,455,445,2526,227,1989,2600,274,25,10308,4,Fighter,,False
269,Kianta,35,Perempuan,Dewasa Tua,475,438,2574,206,999,2600,269,25,12419,25,Fighter,,False
270,Winslet,42,Perempuan,Dewasa Tua,445,429,2080,212,1901,2600,297,25,9813,21,Penduduk,,False
271,Kereen,26,Perempuan,Dewasa Muda,440,447,2330,197,702,2600,251,25,7185,21,Fighter,,False
272,Shereca,19,Perempuan,Dewasa Muda,430,448,2806,189,432,2700,317,26,4688,40,Fighter,,False
273,Chrishon,35,Laki-laki,Dewasa Tua,440,465,2158,204,1926,2600,269,25,15935,15,Fighter,,False
274,Halona,33,Perempuan,Dewasa Tua,485,423,2509,181,1641,2600,307,25,12181,7,Fighter,,False
275,Harle,41,Laki-laki,Dewasa Tua,373,424,2103,171,1687,2400,286,23,-209,22,Fighter,,False
276,Marilyn,17,Perempuan,Dewasa Muda,506,447,2558,207,1380,2700,290,26,28617,42,Fighter,,False
277,Citlaly,29,Perempuan,Dewasa Muda,401,395,1941,166,1425,2400,274,23,535,19,Penduduk,,False
278,Darleta,42,Perempuan,Dewasa Tua,449,459,2113,220,2151,2600,283,25,20577,19,Fighter,,False
279,Cache,31,Laki-laki,Dewasa Tua,432,438,2603,196,1620,2600,292,25,-572,32,Penduduk,,False
280,Ahmani,25,Perempuan,Dewasa Muda,500,471,2513,233,92,2700,332,26,1937,41,Fighter,,False
281,Shamair,29,Laki-laki,Dewasa Muda,459,513,2923,191,450,2700,348,26,18336,27,Fighter,,False
282,Tremell,21,Laki-laki,Dewasa Muda,452,446,2382,199,1951,2600,367,25,12601,0,Fighter,,False
283,Sing,41,Laki-laki,Dewasa Tua,426,436,2304,195,2237,2600,339,25,8086,23,Fighter,,False
284,Videll,28,Laki-laki,Dewasa Muda,385,394,2552,192,1998,2400,282,23,859,39,Fighter,,False
285,Stace,22,Perempuan,Dewasa Muda,477,459,2675,218,1709,2600,320,25,-4210,16,Fighter,,False
286,Anterrio,33,Laki-laki,Dewasa Tua,428,457,2179,208,2500,2600,333,25,11266,38,Penduduk,,False
287,Timiko,21,Perempuan,Dewasa Muda,478,480,2926,201,124,2700,334,26,27751,10,Fighter,,False
288,Mariaelisa,42,Perempuan,Dewasa Tua,441,452,2797,206,1640,2600,376,25,7570,1,Fighter,,False
289,Yaniz,40,Perempuan,Dewasa Tua,374,417,2455,204,2223,2400,340,23,1669,34,Fighter,,False
290,Jaason,39,Laki-laki,Dewasa Tua,444,452,2211,227,1869,2600,347,25,-16343,25,Fighter,,False
291,Cailley,31,Perempuan,Dewasa Tua,418,402,2104,230,150,2500,270,24,4287,2,Fighter,,False
292,Nyshia,17,Perempuan,Dewasa Muda,416,416,1951,172,1827,2400,268,23,3556,28,Fighter,,False
293,Celestine,36,Perempuan,Dewasa Tua,358,408,2358,196,2061,2400,261,23,472,52,Fighter,,False
294,Emerie,38,Laki-laki,Dewasa Tua,492,454,2660,212,0,2700,294,26,20363,21,Fighter,,False
295,Melachi,21,Laki-laki,Dewasa Muda,393,428,2483,194,1208,2500,318,24,-11510,37,Penduduk,,False
296,Dwight,24,Laki-laki,Dewasa Muda,381,410,1921,166,1259,2400,331,23,-9642,30,Fighter,,False
297,Kamarea,38,Perempuan,Dewasa Tua,461,485,2127,206,645,2600,340,25,-5513,17,Fighter,,False
298,Emary,36,Perempuan,Dewasa Tua,437,432,2505,226,333,2600,289,25,2741,5,Penduduk,,False
299,Marth,36,Perempuan,Dewasa Tua,401,424,2780,189,1126,2500,308,24,-2581,40,Fighter,,False
300,Solena,21,Perempuan,Dewasa Muda,469,461,2834,208,940,2600,283,25,5197,19,Fighter,,False
301,Jamauri,40,Perempuan,Dewasa Tua,374,371,2666,200,1791,2400,293,23,145,23,Fighter,,False
302,Araceliz,42,Perempuan,Dewasa Tua,377,417,2224,178,2286,2400,304,23,-597,33,Fighter,,False
303,Rayshawn,32,Laki-laki,Dewasa Tua,402,474,2150,185,1755,2400,283,23,1816,11,Penduduk,,False
304,Jamillette,20,Perempuan,Dewasa Muda,458,466,2224,203,1945,2600,303,25,14517,22,Penduduk,,False
305,Sumayya,23,Perempuan,Dewasa Muda,489,454,2921,196,1359,2600,337,25,33662,21,Prajurit,,False
306,Kaveen,42,Laki-laki,Dewasa Tua,416,392,2344,194,1509,2500,291,24,1085,17,Fighter,,False
307,Deshaune,28,Laki-laki,Dewasa Muda,431,473,2115,216,2029,2600,365,25,8671,25,Fighter,,False
308,Walterine,38,Perempuan,Dewasa Tua,431,439,2739,197,1305,2600,332,25,-11183,30,Fighter,,False
309,Rhinda,37,Perempuan,Dewasa Tua,488,438,2475,232,1011,2600,293,25,-3317,19,Fighter,,False
310,Andilyn,32,Perempuan,Dewasa Tua,473,427,2177,177,975,2600,311,25,9011,23,Fighter,,False
311,Nimah,21,Perempuan,Dewasa Muda,435,450,2358,226,1341,2700,288,26,8020,16,Fighter,,False
312,Vidhur,41,Laki-laki,Dewasa Tua,492,417,2172,201,1264,2600,331,25,-1981,34,Fighter,,False
313,Jazavier,37,Laki-laki,Dewasa Tua,465,472,2692,154,743,2600,305,25,5407,24,Fighter,,False
314,Chimaobim,41,Laki-laki,Dewasa Tua,446,437,2379,220,2312,2600,360,25,898,8,Fighter,,False
315,Fynnleigh,35,Perempuan,Dewasa Tua,446,463,2446,219,1005,2600,299,25,-3640,39,Fighter,,False
316,Fitima,21,Perempuan,Dewasa Muda,448,450,2077,182,1451,2600,271,25,12161,16,Fighter,,False
317,Nieman,19,Laki-laki,Dewasa Muda,400,403,1966,197,530,2400,310,23,-1271,38,Fighter,,False
318,Annisha,20,Perempuan,Dewasa Muda,406,437,2221,202,787,2400,277,23,-5071,14,Fighter,,False
319,Stacy,20,Laki-laki,Dewasa Muda,452,476,2189,170,1653,2600,320,25,6053,16,Fighter,,False
320,Aladin,30,Laki-laki,Dewasa Tua,407,452,2522,197,705,2600,299,25,-11784,28,Fighter,,False
321,Tiane,27,Perempuan,Dewasa Muda,457,446,2446,206,1004,2600,274,25,13697,15,Fighter,,False
322,Vann,34,Laki-laki,Dewasa Tua,375,444,2131,205,2377,2400,324,23,4134,40,Fighter,,False
323,Maheen,40,Perempuan,Dewasa Tua,453,452,2536,194,2304,2600,333,25,4592,0,Fighter,,False
324,Heela,32,Perempuan,Dewasa Tua,445,402,2108,179,2496,2600,331,25,9847,25,Fighter,,False
325,Wakesha,22,Perempuan,Dewasa Muda,490,431,2751,187,2565,2600,333,25,6925,35,Fighter,,False
326,Laurell,22,Perempuan,Dewasa Muda,452,448,2812,246,578,2700,319,26,21292,8,Fighter,,False
327,Rudelle,33,Perempuan,Dewasa Tua,460,427,2097,216,1416,2600,320,25,-6211,44,Fighter,,False
328,Yanely,33,Perempuan,Dewasa Tua,421,444,2523,183,2293,2600,329,25,-4095,21,Fighter,,False
329,Shaqueen,24,Perempuan,Dewasa Muda,422,423,2335,214,1256,2600,287,25,1903,17,Fighter,,False
330,Jemika,34,Perempuan,Dewasa Tua,459,487,2412,200,2161,2600,330,25,18036,31,Fighter,,False
331,Nayla,31,Perempuan,Dewasa Tua,454,398,2788,198,1993,2600,338,25,12401,8,Fighter,,False
332,Aliyas,21,Laki-laki,Dewasa Muda,488,432,2836,227,651,2700,331,26,-2920,16,Penduduk,,False
333,Jessi,40,Laki-laki,Dewasa Tua,455,393,2162,222,1321,2600,297,25,6929,27,Fighter,,False
334,Askia,34,Laki-laki,Dewasa Tua,463,468,2333,208,2018,2600,302,25,16136,22,Fighter,,False
335,Katyra,22,Perempuan,Dewasa Muda,482,456,2158,238,2217,2600,343,25,4589,15,Fighter,,False
336,Rikesha,40,Perempuan,Dewasa Tua,413,458,2677,219,669,2600,308,25,11288,10,Fighter,,False
337,Dierick,42,Laki-laki,Dewasa Tua,398,417,2198,190,744,2500,316,24,10960,34,Fighter,,False
338,Holdon,42,Laki-laki,Dewasa Tua,491,464,2198,190,981,2700,332,26,-16950,33,Fighter,,False
339,Caspar,29,Laki-laki,Dewasa Muda,491,443,2594,223,2416,2600,364,25,12899,14,Fighter,,False
340,Mimma,31,Perempuan,Dewasa Tua,398,433,2041,155,2281,2400,301,23,3431,12,Fighter,,False
341,Justis,40,Laki-laki,Dewasa Tua,379,386,2297,206,1889,2400,333,23,890,25,Fighter,,False
342,Shahn,24,Laki-laki,Dewasa Muda,412,478,2700,183,601,2600,285,25,-1784,22,Fighter,,False
343,Lekeisha,40,Perempuan,Dewasa Tua,469,450,2414,207,1180,2600,297,25,7339,27,Fighter,,False
344,Enemencio,36,Laki-laki,Dewasa Tua,449,487,2485,187,392,2600,305,25,1328,20,Fighter,,False
345,Subhan,29,Laki-laki,Dewasa Muda,457,491,2137,206,1988,2600,343,25,-17019,39,Fighter,,False
346,Kheira,17,Perempuan,Dewasa Muda,499,500,2416,198,188,2700,317,26,11837,34,Fighter,,False
347,Yuri,28,Laki-laki,Dewasa Muda,402,395,2442,200,981,2400,265,23,-11441,34,Fighter,,False
348,Breeley,35,Perempuan,Dewasa Tua,440,426,2037,245,1370,2600,354,25,1316,17,Fighter,,False
349,Catheline,23,Perempuan,Dewasa Muda,393,416,2503,225,2307,2400,261,23,7039,20,Fighter,,False
350,Zoii,31,Perempuan,Dewasa Tua,436,408,2496,221,105,2700,289,26,18499,20,Fighter,,False
351,Ulise,29,Laki-laki,Dewasa Muda,364,410,2155,209,1884,2400,301,23,2850,43,Fighter,,False
352,Dmaya,38,Perempuan,Dewasa Tua,534,520,2813,217,722,2700,365,26,7745,9,Penduduk,,False
353,Santricia,40,Perempuan,Dewasa Tua,393,387,1874,227,1725,2400,323,23,1029,37,Penduduk,,False
354,Jayce,38,Laki-laki,Dewasa Tua,520,452,2523,210,1213,2600,266,25,-9411,4,Penduduk,,False
355,Wynnie,37,Perempuan,Dewasa Tua,456,479,2289,220,1936,2600,355,25,19687,6,Fighter,,False
356,Herma,22,Perempuan,Dewasa Muda,492,429,2227,199,1799,2600,342,25,-7546,21,Fighter,,False
357,Tiffoni,33,Perempuan,Dewasa Tua,482,470,2905,206,1303,2600,307,25,6617,22,Fighter,,False
358,Evetta,21,Perempuan,Dewasa Muda,408,411,2791,189,542,2500,341,24,25077,40,Panglima,,False
359,Edmond,19,Perempuan,Dewasa Muda,382,380,2434,207,810,2400,286,23,491,17,Fighter,,False
360,Jamard,35,Laki-laki,Dewasa Tua,395,399,2152,180,1518,2400,279,23,-3583,26,Fighter,,False
361,Leanah,36,Perempuan,Dewasa Tua,467,427,2724,177,1237,2600,319,25,-2233,37,Fighter,,False
362,Deangelio,41,Laki-laki,Dewasa Tua,434,487,2535,178,1867,2600,345,25,-8414,16,Fighter,,False
363,Mataio,36,Laki-laki,Dewasa Tua,464,463,2603,201,67,2600,310,25,17129,18,Fighter,,False
364,Almenia,36,Perempuan,Dewasa Tua,433,444,2452,207,1126,2600,308,25,-14107,33,Fighter,,False
365,Rachael,40,Perempuan,Dewasa Tua,433,436,2216,204,893,2700,299,26,23761,35,Fighter,,False
366,Kapish,25,Laki-laki,Dewasa Muda,458,470,2059,190,908,2600,282,25,5977,18,Fighter,,False
367,Caesare,33,Laki-laki,Dewasa Tua,353,398,2620,181,2095,2400,282,23,-215,9,Fighter,,False
368,Hazyn,18,Laki-laki,Dewasa Muda,448,425,2717,225,995,2600,290,25,5001,2,Fighter,,False
369,Vicent,30,Laki-laki,Dewasa Tua,367,457,2644,191,2333,2400,323,23,2347,17,Fighter,,False
370,Brees,38,Perempuan,Dewasa Tua,439,448,2304,222,1117,2600,284,25,11846,21,Fighter,,False
371,Detrez,38,Laki-laki,Dewasa Tua,451,485,2461,209,1010,2600,335,25,6653,34,Fighter,,False
372,Kearea,33,Perempuan,Dewasa Tua,395,392,2477,175,1596,2400,323,23,448,33,Fighter,,False
373,Clorence,31,Laki-laki,Dewasa Tua,424,459,2543,189,1100,2600,265,25,1895,27,Fighter,,False
374,Aldean,39,Laki-laki,Dewasa Tua,456,445,2764,189,1155,2600,300,25,6173,14,Fighter,,False
375,slamet teguh santoso,24,Laki-laki,Dewasa Muda,455,453,2425,176,710,2600,262,25,19078,22,Fighter,,False
376,Destannie,31,Perempuan,Dewasa Tua,464,478,2455,226,144,2600,264,25,-22805,17,Penduduk,,False
377,Jermyra,28,Perempuan,Dewasa Muda,456,415,2692,228,1681,2600,273,25,4234,7,Fighter,,False
378,Daviyah,20,Perempuan,Dewasa Muda,527,483,2861,205,827,2700,358,26,22085,45,Prajurit,,False
379,Shing,41,Laki-laki,Dewasa Tua,457,452,2743,204,166,2700,360,26,9494,50,Fighter,,False
380,Keneasha,33,Perempuan,Dewasa Tua,425,420,2284,146,1227,2600,349,25,12319,8,Fighter,,False
381,Dannyel,31,Laki-laki,Dewasa Tua,465,453,2568,193,722,2600,298,25,6319,21,Fighter,,False
382,Sonnett,22,Perempuan,Dewasa Muda,470,464,2764,232,1069,2600,274,25,1932,27,Fighter,,False
383,Matigan,29,Perempuan,Dewasa Muda,433,463,2514,211,694,2600,299,25,6933,28,Fighter,,False
384,Hanad,39,Laki-laki,Dewasa Tua,460,399,2635,178,1047,2600,331,25,14775,12,Fighter,,False
385,Jyl,33,Perempuan,Dewasa Tua,432,474,2378,215,1736,2600,299,25,9348,24,Fighter,,False
386,Kianu,28,Laki-laki,Dewasa Muda,442,437,2736,205,739,2600,291,25,4336,41,Fighter,,False
387,Ala,21,Laki-laki,Dewasa Muda,472,435,2587,175,2279,2600,296,25,5248,25,Fighter,,False
388,Nazareth,28,Laki-laki,Dewasa Muda,445,443,2936,180,1350,2600,328,25,-13028,23,Fighter,,False
389,Caydan,37,Perempuan,Dewasa Tua,443,467,2758,173,1736,2600,339,25,11248,39,Fighter,,False
390,Tasi,33,Laki-laki,Dewasa Tua,389,396,2227,190,314,2500,247,24,-3443,11,Fighter,,False
391,Adbeel,23,Laki-laki,Dewasa Muda,457,443,2621,189,2086,2600,293,25,-709,35,Fighter,,False
392,muhamad latep,40,Laki-laki,Dewasa Tua,436,438,2550,234,132,2600,316,25,4089,25,Fighter,,False
393,Leiby,31,Laki-laki,Dewasa Tua,448,472,2566,204,1771,2600,349,25,-1266,9,Fighter,,False
394,Sherille,21,Perempuan,Dewasa Muda,429,457,2460,206,1114,2600,288,25,7512,17,Fighter,,False
395,Bernette,33,Perempuan,Dewasa Tua,462,410,2651,192,1986,2600,347,25,-13914,28,Fighter,,False
396,Regionald,32,Laki-laki,Dewasa Tua,450,420,2540,225,1020,2600,260,25,5765,14,Fighter,,False
397,Aviram,33,Laki-laki,Dewasa Tua,462,457,2529,187,1972,2600,305,25,-2644,11,Fighter,,False
398,Asim,34,Laki-laki,Dewasa Tua,465,424,2425,194,1074,2600,335,25,-2225,15,Fighter,,False
399,Olaniyan,28,Laki-laki,Dewasa Muda,476,497,2526,210,803,2700,276,26,28956,6,Fighter,,False
400,Josiah,24,Laki-laki,Dewasa Muda,468,468,2196,189,844,2600,292,25,-2417,13,Fighter,,False
401,Era,27,Perempuan,Dewasa Muda,447,473,2310,221,483,2600,273,25,-13039,21,Fighter,,False
402,Trinty,32,Perempuan,Dewasa Tua,397,400,2364,189,2089,2400,280,23,4571,31,Fighter,,False
403,Scharlotte,41,Perempuan,Dewasa Tua,468,409,2953,228,221,2700,311,26,21933,25,Fighter,,False
404,Cheronda,32,Perempuan,Dewasa Tua,469,435,2304,194,2135,2600,288,25,20638,17,Fighter,,False
405,Jacione,17,Laki-laki,Dewasa Muda,472,442,2831,201,1798,2600,341,25,2021,25,Fighter,,False
406,Acura,22,Perempuan,Dewasa Muda,490,447,2160,169,289,2600,288,25,-2050,16,Fighter,,False
407,Bertil,27,Laki-laki,Dewasa Muda,457,472,2175,188,1386,2600,331,25,6059,30,Fighter,,False
408,Myrton,20,Laki-laki,Dewasa Muda,468,482,2570,219,931,2600,348,25,-10787,4,Fighter,,False
409,Wynesha,41,Perempuan,Dewasa Tua,500,499,2201,210,417,2700,315,26,6987,21,Fighter,,False
410,Tyechia,17,Perempuan,Dewasa Muda,395,382,2485,188,1221,2400,268,23,241,17,Fighter,,False
411,Duskin,24,Laki-laki,Dewasa Muda,458,447,2117,209,1680,2600,316,25,-11846,22,Penduduk,,False
412,surti,20,Perempuan,Dewasa Muda,380,421,2295,177,1583,2400,276,23,-2062,19,Fighter,,False
413,Eleora,41,Perempuan,Dewasa Tua,450,450,2561,183,1174,2600,285,25,5079,12,Fighter,,False
414,Kassedy,41,Perempuan,Dewasa Tua,454,449,2433,218,1961,2600,333,25,-16883,26,Fighter,,False
415,Libny,21,Perempuan,Dewasa Muda,461,469,2073,201,1852,2600,307,25,16435,13,Fighter,,False
416,Pantalion,28,Laki-laki,Dewasa Muda,413,415,2445,226,1891,2400,327,23,-3578,23,Fighter,,False
417,Ghia,17,Perempuan,Dewasa Muda,451,426,2896,192,2232,2600,285,25,18588,36,Fighter,,False
418,Oluseyi,32,Laki-laki,Dewasa Tua,376,489,2106,195,1200,2500,337,24,4981,35,Fighter,,False
419,Myan,32,Perempuan,Dewasa Tua,452,434,2028,208,1584,2600,276,25,21303,19,Penduduk,,False
420,Berten,29,Laki-laki,Dewasa Muda,462,498,2317,228,183,2700,351,26,-9551,35,Fighter,,False
421,Alvontae,34,Laki-laki,Dewasa Tua,439,470,2524,166,1902,2600,316,25,-915,41,Fighter,,False
422,Kieffer,23,Laki-laki,Dewasa Muda,391,441,2434,214,187,2500,277,24,3193,20,Fighter,,False
423,Eloni,28,Perempuan,Dewasa Muda,474,462,2881,210,1675,2600,330,25,11826,13,Fighter,,False
424,Melodia,31,Perempuan,Dewasa Tua,481,410,2595,185,2369,2600,306,25,17397,30,Fighter,,False
425,Jaily,31,Perempuan,Dewasa Tua,503,456,2788,191,390,2700,353,26,15850,35,Fighter,,False
426,Jollie,28,Laki-laki,Dewasa Muda,421,400,2250,198,1684,2600,291,25,7213,8,Fighter,,False
427,Sherrian,39,Perempuan,Dewasa Tua,442,468,2628,220,167,2700,298,26,12601,35,Penduduk,,False
428,Griffyn,34,Laki-laki,Dewasa Tua,463,475,2093,186,2314,2600,308,25,16080,9,Fighter,,False
429,Tylek,34,Laki-laki,Dewasa Tua,426,459,2477,182,674,2600,324,25,-5536,19,Fighter,,False
430,Winchell,29,Laki-laki,Dewasa Muda,431,457,2728,188,104,2600,310,25,834,20,Fighter,,False
431,Antia,35,Perempuan,Dewasa Tua,460,489,2270,211,657,2700,314,26,17838,32,Fighter,,False
432,Jayiah,20,Perempuan,Dewasa Muda,484,407,2396,189,859,2600,321,25,-12811,15,Fighter,,False
433,Greer,37,Perempuan,Dewasa Tua,487,510,2590,246,213,2700,355,26,6689,25,Fighter,,False
434,Temilola,25,Perempuan,Dewasa Muda,507,480,2614,191,2488,2600,312,25,-4596,0,Fighter,,False
435,Leobardo,18,Laki-laki,Dewasa Muda,461,443,2570,216,2153,2600,319,25,15779,38,Fighter,,False
436,Deaunta,34,Laki-laki,Dewasa Tua,451,432,2696,210,1190,2600,343,25,-3666,14,Penduduk,,False
437,Estuardo,23,Laki-laki,Dewasa Muda,495,423,2218,246,757,2600,335,25,-4368,29,Fighter,,False
438,Auri,28,Laki-laki,Dewasa Muda,481,456,2594,217,2080,2600,319,25,15067,23,Fighter,,False
439,Terranisha,28,Perempuan,Dewasa Muda,485,480,2243,194,305,2700,338,26,17794,10,Fighter,,False
440,Macdonald,31,Laki-laki,Dewasa Tua,499,446,2217,177,1593,2600,324,25,5373,17,Fighter,,False
441,Nesya,26,Perempuan,Dewasa Muda,492,484,2947,241,524,2700,343,26,11514,34,Fighter,,False
442,Charone,32,Laki-laki,Dewasa Tua,462,449,2762,184,1225,2600,331,25,-22096,37,Penduduk,,False
443,Jakell,40,Laki-laki,Dewasa Tua,432,444,2345,199,2360,2600,269,25,14388,28,Fighter,,False
444,Ademola,29,Laki-laki,Dewasa Muda,431,468,2370,196,1574,2600,307,25,-3160,18,Fighter,,False
445,Yasminda,36,Perempuan,Dewasa Tua,392,459,2088,171,2427,2500,316,24,-852,17,Fighter,,False
446,Syntia,22,Perempuan,Dewasa Muda,469,457,2226,197,152,2700,322,26,16706,28,Fighter,,False
447,Keenyn,22,Laki-laki,Dewasa Muda,474,481,2297,221,396,2700,350,26,13619,33,Fighter,,False
448,Jerrine,34,Perempuan,Dewasa Tua,475,444,2670,205,231,2700,391,26,14263,17,Fighter,,False
449,Melissamarie,22,Perempuan,Dewasa Muda,460,477,2245,194,2371,2600,326,25,13272,29,Fighter,,False
450,herman efendi,32,Laki-laki,Dewasa Tua,469,462,2754,236,399,2700,351,26,15286,28,Fighter,,False
451,Kallan,30,Laki-laki,Dewasa Tua,475,445,2322,191,578,2700,304,26,27471,5,Penduduk,,False
452,Kendyl,34,Laki-laki,Dewasa Tua,450,437,2579,195,314,2600,330,25,1886,10,Fighter,,False
453,Niam,38,Laki-laki,Dewasa Tua,456,534,2885,200,140,2700,370,26,30129,45,Panglima,,False
454,Hoyet,19,Laki-laki,Dewasa Muda,422,416,2787,209,1262,2500,282,24,5813,32,Penduduk,,False
455,Mandeep,42,Perempuan,Dewasa Tua,423,420,2327,167,1993,2400,276,23,7373,16,Fighter,,False
456,Fairley,19,Laki-laki,Dewasa Muda,391,428,2054,186,1089,2400,266,23,4341,33,Fighter,,False
457,Yaneri,26,Perempuan,Dewasa Muda,433,432,2723,206,1437,2500,346,24,-10380,19,Prajurit,,False
458,Demariana,39,Perempuan,Dewasa Tua,392,400,2715,198,635,2500,311,24,3317,20,Fighter,,False
459,Mahrosh,26,Perempuan,Dewasa Muda,449,430,2181,174,1704,2600,330,25,6559,9,Fighter,,False
460,Naquana,29,Perempuan,Dewasa Muda,392,366,2191,187,2291,2400,224,23,1532,40,Fighter,,False
461,Anavay,42,Perempuan,Dewasa Tua,397,404,2582,215,179,2500,327,24,3228,32,Fighter,,False
462,Dyan,39,Perempuan,Dewasa Tua,449,473,2392,227,70,2700,354,26,13428,5,Fighter,,False
463,Jacent,39,Laki-laki,Dewasa Tua,452,450,1956,193,1724,2600,332,25,3063,37,Fighter,,False
464,Acamas,39,Laki-laki,Dewasa Tua,460,443,2306,197,2381,2600,272,25,13294,30,Fighter,,False
465,Nickolaus,36,Laki-laki,Dewasa Tua,406,436,2793,208,1894,2600,318,25,19737,18,Fighter,,False
466,Brightyn,42,Perempuan,Dewasa Tua,392,395,2575,204,1396,2400,277,23,-369,27,Fighter,,False
467,Briannon,33,Perempuan,Dewasa Tua,474,482,2136,202,1649,2600,280,25,13427,33,Fighter,,False
468,Trygve,31,Laki-laki,Dewasa Tua,491,431,2484,211,1399,2600,265,25,12848,7,Fighter,,False
469,Aydian,22,Laki-laki,Dewasa Muda,434,410,2826,187,759,2600,279,25,-16451,20,Fighter,,False
470,Eavan,33,Laki-laki,Dewasa Tua,429,484,2662,187,1838,2600,343,25,19793,16,Fighter,,False
471,Sharini,30,Perempuan,Dewasa Tua,456,442,2939,171,1863,2600,311,25,10251,27,Fighter,,False
472,Wilby,25,Laki-laki,Dewasa Muda,510,455,2813,253,20,2700,364,26,1351,8,Fighter,,False
473,Malai,26,Perempuan,Dewasa Muda,423,445,2510,211,1370,2600,351,25,3545,19,Fighter,,False
474,Eulalia,18,Perempuan,Dewasa Muda,473,468,2695,202,1052,2700,399,26,21787,26,Fighter,,False
475,Tshawn,25,Laki-laki,Dewasa Muda,481,452,2223,176,1556,2600,294,25,2527,48,Fighter,,False
476,Tuwanna,20,Perempuan,Dewasa Muda,430,420,2662,214,1535,2500,296,24,1815,1,Penduduk,,False
477,Jenyka,29,Perempuan,Dewasa Muda,475,485,2245,217,1972,2600,283,25,18963,12,Fighter,,False
478,Teyvon,36,Laki-laki,Dewasa Tua,468,424,2472,210,383,2600,289,25,10017,40,Fighter,,False
479,Lyrica,33,Perempuan,Dewasa Tua,378,417,2634,184,1122,2400,298,23,497,26,Penduduk,,False
480,Michieal,18,Laki-laki,Dewasa Muda,455,422,2597,236,2406,2600,295,25,21118,33,Fighter,,False
481,Joelaine,24,Perempuan,Dewasa Muda,404,378,1852,167,1996,2400,284,23,-8338,4,Fighter,,False
482,Malynda,21,Perempuan,Dewasa Muda,391,435,2148,202,2390,2400,291,23,2051,26,Fighter,,False
483,Anni,20,Perempuan,Dewasa Muda,464,454,2632,226,2052,2600,263,25,32847,17,Prajurit,,False
484,Kenneshia,32,Perempuan,Dewasa Tua,457,458,2559,216,604,2600,259,25,7742,37,Fighter,,False
485,Marziya,20,Perempuan,Dewasa Muda,378,392,2092,215,1321,2400,274,23,692,22,Fighter,,False
486,Hanora,33,Perempuan,Dewasa Tua,401,444,2132,182,559,2500,339,24,2542,8,Fighter,,False
487,Rosalee,20,Perempuan,Dewasa Muda,429,467,2731,239,650,2600,275,25,27948,45,Panglima,,False
488,Cailan,32,Laki-laki,Dewasa Tua,385,434,2535,201,1096,2400,280,23,-739,3,Fighter,,False
489,Hayes,28,Perempuan,Dewasa Muda,507,464,2216,212,1034,2600,305,25,23602,17,Fighter,,False
490,Casonya,35,Perempuan,Dewasa Tua,466,441,2375,206,1522,2600,318,25,19467,43,Fighter,,False
491,Sheleen,23,Perempuan,Dewasa Muda,453,444,2165,235,314,2700,346,26,18754,37,Fighter,,False
492,Lataja,17,Perempuan,Dewasa Muda,492,478,2118,211,176,2700,316,26,3345,31,Fighter,,False
493,Nedal,39,Laki-laki,Dewasa Tua,461,461,2152,227,1517,2600,331,25,7210,31,Fighter,,False
494,Phalla,32,Perempuan,Dewasa Tua,389,415,1964,196,1294,2400,260,23,882,30,Fighter,,False
495,Wasay,30,Laki-laki,Dewasa Tua,493,472,2818,226,496,2700,312,26,11887,15,Fighter,,False
496,Kamil,31,Perempuan,Dewasa Tua,390,415,2724,177,2084,2400,340,23,1757,32,Penduduk,,False
497,Elonte,38,Laki-laki,Dewasa Tua,441,447,2494,188,1831,2600,317,25,-601,40,Fighter,,False
498,Taygen,26,Perempuan,Dewasa Muda,448,445,2828,152,1925,2600,315,25,7373,13,Fighter,,False
499,Shikeyla,25,Perempuan,Dewasa Muda,507,437,2436,227,1364,2600,296,25,-9517,23,Fighter,,False
500,Jessican,34,Perempuan,Dewasa Tua,378,447,2642,188,1203,2400,292,23,856,28,Fighter,,False
501,Bama,20,Perempuan,Dewasa Muda,488,433,2537,228,281,2700,358,26,15814,38,Fighter,,False
502,Gent,37,Laki-laki,Dewasa Tua,448,459,2272,199,896,2600,303,25,8729,38,Fighter,,False
503,Ahmadou,52,Laki-laki,Dewasa Tua,436,471,2089,200,2263,2500,223,24,9430,33,Fighter,,False
504,Sanjiv,46,Laki-laki,Dewasa Tua,454,427,2158,176,1360,2600,275,25,11043,17,Fighter,,False
505,Shauntiana,92,Perempuan,Lansia,395,399,2568,175,1000,2300,166,22,-134,40,Fighter,,False
506,Cayn,16,Laki-laki,Dewasa Muda,462,427,2523,216,1081,2600,257,25,15123,7,Fighter,,False
507,Arisai,63,Perempuan,Lansia,379,408,2451,172,806,2300,203,22,-707,28,Fighter,,False
508,Xaidyn,51,Laki-laki,Dewasa Tua,380,408,2276,173,2094,2300,199,22,2140,22,Fighter,,False
509,Danterrius,30,Laki-laki,Dewasa Tua,430,452,2956,206,1137,2600,305,25,-3791,26,Prajurit,,False
510,Zabria,46,Perempuan,Dewasa Tua,454,453,2630,229,1162,2600,243,25,18386,3,Penduduk,,False
511,Vardie,83,Laki-laki,Lansia,490,414,2144,251,646,2500,195,24,11626,27,Fighter,,False
512,Mykenzee,57,Perempuan,Dewasa Tua,439,414,2420,180,1696,2500,199,24,8827,24,Fighter,,False
513,Sieria,87,Perempuan,Lansia,428,485,2738,196,1824,2500,225,24,8836,18,Fighter,,False
514,Soe,59,Perempuan,Dewasa Tua,357,428,2241,199,1153,2300,210,22,-64,20,Fighter,,False
515,Brycelynn,32,Perempuan,Dewasa Tua,471,479,2599,181,1623,2600,357,25,-9228,21,Fighter,,False
516,Gannicus,91,Laki-laki,Lansia,433,416,2171,188,1316,2400,181,23,8598,12,Penduduk,,False
517,Manerva,17,Perempuan,Dewasa Muda,453,388,2644,229,2531,2600,343,25,5020,15,Fighter,,False
518,Adriean,45,Laki-laki,Dewasa Tua,443,484,2350,211,1903,2600,284,25,8102,16,Fighter,,False
519,Shenequia,36,Perempuan,Dewasa Tua,483,419,2596,206,1896,2600,330,25,17591,7,Fighter,,False
520,Lavander,97,Laki-laki,Lansia,379,407,1864,194,1435,2300,202,22,1579,46,Fighter,,False
521,Tehran,78,Perempuan,Lansia,451,410,2378,180,2100,2500,212,24,18220,14,Penduduk,,False
522,Fawnia,7,Perempuan,Remaja,52,42,458,21,532,700,26,6,2600,57,Fighter,,False
523,Karliah,62,Perempuan,Lansia,385,405,2220,197,623,2300,183,22,3541,27,Fighter,,False
524,Meerah,91,Perempuan,Lansia,435,402,2470,189,1983,2400,221,23,-3621,29,Fighter,,False
525,Deivin,49,Laki-laki,Dewasa Tua,451,435,2314,176,771,2500,180,24,-1583,50,Fighter,,False
526,Ruthey,83,Perempuan,Lansia,392,376,2555,199,1687,2300,208,22,2624,11,Fighter,,False
527,Jaia,23,Perempuan,Dewasa Muda,416,441,2444,178,398,2500,288,24,1104,38,Fighter,,False
528,Zoeygrace,82,Perempuan,Lansia,382,406,2421,205,1338,2300,173,22,2499,17,Fighter,,False
529,Violetrose,8,Perempuan,Remaja,52,55,919,28,514,700,23,6,3550,62,Fighter,,False
530,Jadarrious,97,Laki-laki,Lansia,368,389,2048,195,787,2300,192,22,493,25,Fighter,,False
531,Santosha,78,Perempuan,Lansia,366,356,1885,179,509,2300,178,22,3219,20,Fighter,,False
532,Alax,18,Laki-laki,Dewasa Muda,393,405,2067,187,1544,2400,249,23,974,23,Fighter,,False
533,Geronimo,92,Laki-laki,Lansia,340,377,2060,192,741,2300,171,22,2541,35,Penduduk,,False
534,Laki,75,Laki-laki,Lansia,418,421,2237,187,391,2400,181,23,2261,19,Fighter,,False
535,Kwamin,49,Laki-laki,Dewasa Tua,489,440,2813,210,334,2700,271,26,25462,30,Fighter,,False
536,Richey,63,Laki-laki,Lansia,420,456,2465,211,1691,2400,207,23,-2569,11,Fighter,,False
537,Sajda,39,Perempuan,Dewasa Tua,413,374,2136,193,1948,2400,282,23,-131,18,Fighter,,False
538,Maurisio,52,Laki-laki,Dewasa Tua,489,457,2488,216,1101,2500,216,24,-4562,23,Fighter,,False
539,Hobart,99,Laki-laki,Lansia,401,395,2641,194,1884,2300,200,22,19777,35,Prajurit,,False
540,Aristides,54,Laki-laki,Dewasa Tua,396,439,2267,188,902,2400,224,23,1599,29,Fighter,,False
541,Gioacchino,75,Laki-laki,Lansia,385,378,2093,168,1257,2300,184,22,2433,38,Fighter,,False
542,Kiersti,18,Perempuan,Dewasa Muda,432,437,2417,174,1804,2500,285,24,2188,10,Penduduk,,False
543,Xazier,35,Laki-laki,Dewasa Tua,477,454,2174,223,506,2700,358,26,9175,37,Fighter,,False
544,Aarit,72,Laki-laki,Lansia,388,430,2511,162,522,2300,146,22,2111,9,Fighter,,False
545,Sory,82,Laki-laki,Lansia,411,390,2037,187,72,2400,199,23,7292,15,Fighter,,False
546,Tramisha,41,Perempuan,Dewasa Tua,387,429,2380,203,743,2500,285,24,-12857,22,Fighter,,False
547,Cathlina,6,Perempuan,Anak-anak,49,35,1164,29,452,700,20,6,3524,88,Fighter,,False
548,Vinisha,15,Perempuan,Dewasa Muda,393,423,2511,153,211,2400,242,23,-364,25,Penduduk,,False
549,Rashina,79,Perempuan,Lansia,429,377,2629,203,2297,2400,177,23,9301,4,Fighter,,False
550,Armondo,29,Laki-laki,Dewasa Muda,400,395,2451,152,1550,2400,277,23,6291,37,Fighter,,False
551,Izaeah,18,Laki-laki,Dewasa Muda,460,455,2247,204,1135,2600,324,25,-4092,17,Fighter,,False
552,Joshuaaaron,90,Laki-laki,Lansia,406,350,2513,162,1673,2300,189,22,3580,24,Penduduk,,False
553,Xyon,36,Perempuan,Dewasa Tua,468,488,2374,199,795,2600,292,25,-20905,12,Fighter,,False
554,Mycal,26,Laki-laki,Dewasa Muda,462,461,2546,171,1701,2600,326,25,-20132,23,Fighter,,False
555,Mickaylah,78,Perempuan,Lansia,411,368,1956,170,1170,2300,161,22,7412,22,Fighter,,False
556,Jensyn,5,Perempuan,Anak-anak,47,35,547,31,478,700,12,6,3538,74,Fighter,,False
557,Koah,11,Laki-laki,Remaja,213,297,1684,115,1682,1800,136,17,17218,9,Fighter,,False
558,Cartney,21,Perempuan,Dewasa Muda,487,477,2301,209,2336,2600,312,25,8990,22,Fighter,,False
559,Keiyanna,74,Perempuan,Lansia,341,373,1864,176,2057,2200,187,21,2030,35,Fighter,,False
560,Reah,63,Perempuan,Lansia,422,399,2503,189,135,2400,204,23,-1241,12,Fighter,,False
561,Kajana,37,Laki-laki,Dewasa Tua,481,455,2378,216,216,2600,305,25,9690,25,Fighter,,False
562,Aireyana,28,Perempuan,Dewasa Muda,415,488,2343,216,631,2600,283,25,13307,37,Fighter,,False
563,Joyzelle,11,Perempuan,Remaja,254,264,1525,128,792,1900,189,18,14385,23,Fighter,,False
564,Onyekachi,58,Laki-laki,Dewasa Tua,365,446,2183,175,331,2400,196,23,2553,26,Fighter,,False
565,Christoff,87,Laki-laki,Lansia,445,412,2236,187,1180,2400,181,23,10710,29,Fighter,,False
566,Loronda,70,Perempuan,Lansia,408,376,2168,172,2292,2300,207,22,2121,12,Fighter,,False
567,Jumoke,58,Laki-laki,Dewasa Tua,466,450,2326,154,402,2500,242,24,-17658,29,Penduduk,,False
568,Nikolaos,67,Laki-laki,Lansia,368,418,2003,179,767,2300,193,22,-1051,28,Fighter,,False
569,Niki,48,Laki-laki,Dewasa Tua,400,414,2669,168,53,2500,263,24,6073,43,Fighter,,False
570,Kaulana,28,Laki-laki,Dewasa Muda,455,436,2163,173,487,2600,264,25,10379,27,Fighter,,False
571,Heavenley,41,Perempuan,Dewasa Tua,438,447,2606,206,2155,2600,336,25,-14176,27,Fighter,,False
572,Jhenifer,88,Perempuan,Lansia,332,380,2391,188,724,2300,182,22,1901,18,Fighter,,False
573,Fordyce,32,Laki-laki,Dewasa Tua,417,423,2699,221,2249,2600,340,25,-4032,39,Fighter,,False
574,Damisha,39,Perempuan,Dewasa Tua,445,424,2117,168,1861,2600,262,25,4974,37,Fighter,,False
575,Lota,93,Perempuan,Lansia,335,368,1797,163,2060,2200,160,21,5521,28,Fighter,,False
576,Chalice,59,Perempuan,Dewasa Tua,379,381,2613,141,896,2200,148,21,1951,5,Penduduk,,False
577,Colquitt,79,Laki-laki,Lansia,446,426,2036,232,299,2500,198,24,-4152,22,Fighter,,False
578,Aakash,82,Laki-laki,Lansia,489,466,2253,181,903,2500,196,24,3012,28,Fighter,,False
579,Aryian,11,Laki-laki,Remaja,270,227,1998,115,1317,1800,125,17,17159,10,Fighter,,False
580,Salama,94,Perempuan,Lansia,451,415,2323,205,366,2500,239,24,6967,32,Fighter,,False
581,Nichoals,43,Laki-laki,Dewasa Tua,438,485,2813,226,1059,2700,443,26,3786,15,Fighter,,False
582,Joquetta,71,Perempuan,Lansia,378,419,2546,184,1338,2300,211,22,1292,12,Fighter,,False
583,Enyce,92,Perempuan,Lansia,411,382,2344,187,729,2300,158,22,5465,17,Fighter,,False
584,Emmoni,5,Perempuan,Anak-anak,37,40,812,29,254,700,12,6,3513,57,Fighter,,False
585,Makis,91,Laki-laki,Lansia,448,406,1944,208,2171,2400,157,23,6877,31,Fighter,,False
586,Randye,3,Perempuan,Anak-anak,37,37,1017,14,307,700,9,6,3541,71,Fighter,,False
587,Arlos,84,Laki-laki,Lansia,366,370,2684,149,1325,2300,177,22,2989,45,Fighter,,False
588,Nyles,87,Laki-laki,Lansia,450,400,2514,183,452,2400,171,23,7832,30,Fighter,,False
589,Adamm,29,Laki-laki,Dewasa Muda,507,439,2566,219,2189,2600,348,25,-7379,13,Fighter,,False
590,Bernita,83,Perempuan,Lansia,388,375,2269,148,1737,2200,139,21,3615,26,Fighter,,False
591,Kassity,33,Perempuan,Dewasa Tua,430,433,2280,189,2375,2600,320,25,-11989,38,Penduduk,,False
592,Traison,88,Laki-laki,Lansia,396,362,2641,181,2080,2300,196,22,-3022,21,Fighter,,False
593,Nevaehtnes,30,Perempuan,Dewasa Tua,443,433,2432,229,1404,2600,276,25,2499,23,Fighter,,False
594,Natea,21,Perempuan,Dewasa Muda,437,477,2487,204,1212,2600,287,25,21817,22,Fighter,,False
595,Jahwan,65,Laki-laki,Lansia,426,348,1992,187,2303,2400,194,23,13583,24,Fighter,,False
596,Maithili,7,Perempuan,Remaja,32,42,1213,26,168,700,15,6,3565,47,Fighter,,False
597,Abbagayle,78,Perempuan,Lansia,377,384,2205,176,1201,2300,208,22,1338,30,Penduduk,,False
598,Vlad,81,Laki-laki,Lansia,372,398,2143,194,693,2300,165,22,-3984,15,Fighter,,False
599,Azusena,39,Perempuan,Dewasa Tua,449,453,2699,219,1799,2600,301,25,23349,39,Fighter,,False
600,Josia,25,Laki-laki,Dewasa Muda,408,438,2432,186,1105,2500,319,24,6171,22,Fighter,,False
601,Samirah,25,Perempuan,Dewasa Muda,387,417,2740,209,1719,2400,304,23,2464,2,Fighter,,False
602,Avenleigh,94,Perempuan,Lansia,389,393,2601,209,600,2300,165,22,2597,1,Fighter,,False
603,Nykel,63,Laki-laki,Lansia,443,415,2578,233,2024,2400,196,23,5333,20,Fighter,,False
604,Maislyn,49,Perempuan,Dewasa Tua,457,417,2729,182,2128,2500,220,24,-1740,43,Penduduk,,False
605,Buruk,15,Laki-laki,Dewasa Muda,453,434,2653,173,1316,2600,274,25,6059,33,Fighter,,False
606,Annabellah,74,Perempuan,Lansia,459,395,2660,215,2127,2500,208,24,9146,33,Fighter,,False
607,Crystella,99,Perempuan,Lansia,381,414,2269,177,552,2300,187,22,4460,31,Fighter,,False
608,Jorgejr,23,Laki-laki,Dewasa Muda,440,475,2196,209,1540,2600,327,25,23435,30,Fighter,,False
609,Hatsuyo,77,Perempuan,Lansia,386,391,1947,162,1084,2300,184,22,1843,33,Fighter,,False
610,Petrice,97,Perempuan,Lansia,347,381,2043,184,1216,2300,176,22,5766,33,Fighter,,False
611,Jamariyon,53,Laki-laki,Dewasa Tua,448,433,2075,204,172,2500,213,24,-17812,9,Fighter,,False
612,Lauryn,30,Laki-laki,Dewasa Tua,409,417,2518,198,2302,2400,275,23,409,16,Fighter,,False
613,Franchezca,84,Perempuan,Lansia,380,403,1819,200,1396,2300,185,22,-296,19,Fighter,,False
614,Zelpha,45,Perempuan,Dewasa Tua,489,455,2645,241,221,2700,286,26,17294,6,Fighter,,False
615,Creed,56,Laki-laki,Dewasa Tua,457,464,2209,200,1454,2500,221,24,-1735,11,Fighter,,False
616,Dalaney,44,Perempuan,Dewasa Tua,389,426,2024,162,1667,2400,359,23,137,25,Fighter,,False
617,Asher,50,Laki-laki,Dewasa Tua,384,400,2595,152,1653,2300,212,22,-980,34,Fighter,,False
618,Song,100,Laki-laki,Lansia,375,395,1977,182,207,2300,166,22,1597,25,Fighter,,False
619,Rictoria,19,Perempuan,Dewasa Muda,497,447,1992,224,832,2600,262,25,2815,23,Penduduk,,False
620,Alvonte,9,Laki-laki,Remaja,71,65,621,24,66,1000,41,9,-4420,46,Fighter,,False
621,Klare,76,Perempuan,Lansia,398,418,2106,189,1626,2300,171,22,1694,18,Fighter,,False
622,Randal,16,Laki-laki,Dewasa Muda,396,455,2395,185,725,2500,261,24,-1513,28,Fighter,,False
623,Avril,84,Perempuan,Lansia,353,376,2250,196,2175,2200,143,21,-156,23,Fighter,,False
624,Odes,84,Laki-laki,Lansia,414,366,1942,167,1873,2300,200,22,-2439,28,Penduduk,,False
625,Candle,89,Perempuan,Lansia,432,402,2051,176,1966,2400,198,23,11932,7,Penduduk,,False
626,Jashun,27,Laki-laki,Dewasa Muda,456,487,2433,201,958,2600,333,25,305,23,Fighter,,False
627,Bahia,78,Perempuan,Lansia,412,400,2134,165,700,2300,189,22,-979,22,Fighter,,False
628,Euretta,73,Perempuan,Lansia,438,416,2341,203,1730,2400,167,23,-13089,29,Fighter,,False
629,Estrella,17,Perempuan,Dewasa Muda,391,406,2595,200,1428,2400,264,23,-995,36,Fighter,,False
630,Jadarius,13,Laki-laki,Remaja,457,399,2619,221,997,2600,249,25,-6167,6,Fighter,,False
631,Raynne,33,Perempuan,Dewasa Tua,451,487,2855,207,1032,2700,335,26,13218,12,Fighter,,False
632,joni kartinus,24,Laki-laki,Dewasa Muda,450,435,2274,189,2158,2600,359,25,6160,34,Fighter,,False
633,Nygia,73,Perempuan,Lansia,384,353,2221,152,1541,2200,155,21,2107,13,Fighter,,False
634,Aide,93,Perempuan,Lansia,397,402,2462,197,1116,2300,190,22,-4385,44,Penduduk,,False
635,Kederick,35,Laki-laki,Dewasa Tua,387,404,2080,171,1327,2400,283,23,1134,16,Fighter,,False
636,Liviah,60,Perempuan,Lansia,390,388,2157,194,57,2400,199,23,4088,22,Fighter,,False
637,Djimon,7,Perempuan,Remaja,34,42,1128,21,363,700,20,6,3537,33,Fighter,,False
638,Aneah,47,Perempuan,Dewasa Tua,426,426,2734,199,1440,2600,300,25,2309,13,Fighter,,False
639,Rosel,8,Perempuan,Remaja,44,52,774,30,295,700,21,6,3548,64,Fighter,,False
640,Levester,7,Laki-laki,Remaja,52,41,1203,16,282,700,22,6,3553,59,Fighter,,False
641,Jocelene,84,Perempuan,Lansia,361,427,2349,152,1603,2200,165,21,2184,10,Fighter,,False
642,Estill,61,Laki-laki,Lansia,426,394,2628,226,614,2400,187,23,6730,26,Fighter,,False
643,Delacy,70,Perempuan,Lansia,443,468,2263,196,117,2500,202,24,-3411,29,Fighter,,False
644,Maryelle,8,Perempuan,Remaja,51,45,888,41,123,900,29,8,-3312,8,Fighter,,False
645,Eunji,93,Perempuan,Lansia,388,393,1971,180,178,2300,181,22,1328,8,Fighter,,False
646,Keenon,58,Laki-laki,Dewasa Tua,476,444,2754,220,1570,2600,245,25,7817,27,Fighter,,False
647,Kanira,15,Perempuan,Dewasa Muda,440,462,2649,204,983,2600,268,25,8833,22,Fighter,,False
648,Sharielle,18,Perempuan,Dewasa Muda,497,451,2663,197,2307,2600,306,25,-7733,16,Fighter,,False
649,Jerem,38,Laki-laki,Dewasa Tua,390,411,2552,189,1062,2400,267,23,-1981,21,Fighter,,False
650,Erandi,94,Perempuan,Lansia,447,438,2445,204,1065,2400,206,23,8461,18,Fighter,,False
651,Veeraj,11,Laki-laki,Remaja,251,261,1980,112,1582,1800,141,17,14917,20,Fighter,,False
652,Dairian,13,Perempuan,Remaja,451,439,2616,223,1070,2600,235,25,-130,18,Penduduk,,False
653,Jeru,68,Laki-laki,Lansia,409,398,2452,201,201,2300,177,22,3364,17,Fighter,,False
654,Jigar,31,Laki-laki,Dewasa Tua,461,408,2240,206,1480,2600,300,25,16181,12,Fighter,,False
655,Elianis,92,Perempuan,Lansia,390,407,2386,169,1559,2200,144,21,2279,34,Fighter,,False
656,Nakie,94,Laki-laki,Lansia,387,436,2050,165,1108,2300,183,22,1256,12,Fighter,,False
657,Cherri,41,Perempuan,Dewasa Tua,435,435,2495,203,1616,2600,292,25,9135,17,Fighter,,False
658,Jalisa,22,Perempuan,Dewasa Muda,431,430,2460,191,510,2600,333,25,-1934,32,Fighter,,False
659,Nathael,67,Laki-laki,Lansia,401,399,2357,188,2152,2300,211,22,1909,10,Fighter,,False
660,Shemarion,15,Laki-laki,Dewasa Muda,406,423,2457,194,1196,2500,268,24,-5624,28,Fighter,,False
661,Arish,25,Laki-laki,Dewasa Muda,416,442,2357,219,84,2600,346,25,4,24,Fighter,,False
662,Lashonya,36,Perempuan,Dewasa Tua,487,447,2548,194,100,2700,349,26,-4334,27,Fighter,,False
663,Mearah,33,Perempuan,Dewasa Tua,460,422,2584,218,1709,2600,322,25,19094,21,Fighter,,False
664,Laterria,11,Perempuan,Remaja,256,269,1481,96,1250,1900,145,18,16440,37,Fighter,,False
665,Mystie,55,Perempuan,Dewasa Tua,393,386,1954,185,0,2300,164,22,1226,26,Fighter,,False
666,Citlally,17,Perempuan,Dewasa Muda,445,454,2753,204,1465,2600,324,25,12146,37,Penduduk,,False
667,Evelena,73,Perempuan,Lansia,459,441,2237,214,1204,2400,220,23,-8317,13,Fighter,,False
668,Lauralynn,47,Perempuan,Dewasa Tua,438,421,2437,206,1641,2600,245,25,15062,48,Fighter,,False
669,Martisha,27,Perempuan,Dewasa Muda,396,417,1994,207,2139,2400,250,23,93,35,Penduduk,,False
670,Aasha,33,Perempuan,Dewasa Tua,386,445,2318,178,2290,2400,293,23,-8552,21,Fighter,,False
671,Leandros,29,Laki-laki,Dewasa Muda,431,446,2371,219,655,2700,350,26,-3696,32,Penduduk,,False
672,Conlon,58,Laki-laki,Dewasa Tua,414,409,2046,170,1099,2400,192,23,2160,23,Penduduk,,False
673,Lenin,38,Laki-laki,Dewasa Tua,533,464,2272,208,517,2700,307,26,24797,28,Fighter,,False
674,Pennyann,74,Perempuan,Lansia,396,378,2433,167,1012,2300,197,22,79,23,Fighter,,False
675,Mikaylyn,37,Perempuan,Dewasa Tua,451,440,2728,215,52,2600,295,25,-2097,26,Fighter,,False
676,Mohamedamiin,70,Laki-laki,Lansia,414,423,2134,160,16,2400,175,23,6784,17,Fighter,,False
677,Akeelah,16,Perempuan,Dewasa Muda,461,370,2390,247,489,2500,193,24,-15759,15,Fighter,,False
678,Daekwan,87,Laki-laki,Lansia,406,411,2135,193,758,2300,193,22,3466,26,Fighter,,False
679,Marcangelo,32,Laki-laki,Dewasa Tua,388,401,2553,174,1112,2400,281,23,216,13,Fighter,,False
680,Melba,18,Perempuan,Dewasa Muda,356,374,2060,175,2214,2300,241,22,2238,27,Fighter,,False
681,Abrahan,69,Laki-laki,Lansia,421,399,2362,213,1975,2500,216,24,-1907,10,Fighter,,False
682,Swanzetta,71,Perempuan,Lansia,406,394,2447,196,583,2300,174,22,4559,31,Fighter,,False
683,Hade,38,Perempuan,Dewasa Tua,451,462,2755,205,1438,2700,382,26,23931,32,Fighter,,False
684,napis imam zuhdi,60,Laki-laki,Lansia,402,403,2099,193,346,2300,169,22,1969,14,Fighter,,False
685,Reynoldo,63,Laki-laki,Lansia,445,469,2208,195,690,2500,205,24,18588,9,Fighter,,False
686,Menah,55,Perempuan,Dewasa Tua,434,482,2271,238,1094,2600,229,25,15914,19,Fighter,,False
687,Jaqui,4,Perempuan,Anak-anak,37,44,537,36,304,700,11,6,3531,39,Fighter,,False
688,Jaeline,18,Perempuan,Dewasa Muda,479,402,2547,193,989,2600,276,25,13898,31,Fighter,,False
689,Quantella,78,Perempuan,Lansia,430,404,2405,198,791,2400,220,23,-3497,32,Fighter,,False
690,Raegen,17,Perempuan,Dewasa Muda,455,487,2771,232,363,2700,329,26,7358,42,Fighter,,False
691,Mekesha,53,Perempuan,Dewasa Tua,437,432,2327,207,1795,2500,193,24,-10956,19,Fighter,,False
692,Mahie,5,Perempuan,Anak-anak,46,47,521,28,275,700,11,6,3520,50,Penduduk,,False
693,Johnthon,54,Laki-laki,Dewasa Tua,453,413,2034,225,676,2500,192,24,-11612,26,Fighter,,False
694,Adden,41,Laki-laki,Dewasa Tua,394,412,2707,217,131,2400,222,23,2608,38,Fighter,,False
695,Oreva,69,Perempuan,Lansia,372,382,2130,187,1488,2300,189,22,2192,36,Fighter,,False
696,Nahid,33,Laki-laki,Dewasa Tua,442,420,2494,219,885,2500,298,24,7597,17,Fighter,,False
697,Denah,53,Perempuan,Dewasa Tua,403,406,2542,199,499,2400,240,23,-48,20,Fighter,,False
698,Wynell,73,Laki-laki,Lansia,373,444,2369,155,200,2300,183,22,1771,15,Fighter,,False
699,darmi,58,Perempuan,Dewasa Tua,463,445,2645,183,218,2600,206,25,16329,24,Fighter,,False
700,Natash,21,Perempuan,Dewasa Muda,478,453,2796,212,1419,2600,334,25,6688,30,Prajurit,,False
701,Marilinda,20,Perempuan,Dewasa Muda,426,488,2525,216,1905,2600,302,25,-12460,13,Fighter,,False
702,Mikalla,84,Perempuan,Lansia,397,397,2244,167,771,2300,171,22,1361,40,Fighter,,False
703,Kaeden,98,Laki-laki,Lansia,341,379,2280,181,1811,2300,212,22,8675,14,Fighter,,False
704,Umaiza,52,Perempuan,Dewasa Tua,362,407,2015,175,1530,2300,204,22,2820,15,Fighter,,False
705,Cortisha,62,Perempuan,Lansia,405,440,1964,175,79,2500,229,24,4666,10,Fighter,,False
706,Todd,79,Perempuan,Lansia,452,443,2407,180,1088,2400,198,23,-6999,37,Fighter,,False
707,Kally,69,Laki-laki,Lansia,374,376,2116,174,465,2300,200,22,728,8,Fighter,,False
708,Marleigha,70,Perempuan,Lansia,438,475,2326,192,128,2500,189,24,7992,13,Penduduk,,False
709,Kobi,75,Laki-laki,Lansia,395,364,1975,159,707,2300,201,22,2344,32,Fighter,,False
710,Ramari,10,Laki-laki,Remaja,151,139,1136,83,616,1300,80,12,4580,50,Fighter,,False
711,Vincci,84,Perempuan,Lansia,373,385,2305,158,1217,2200,169,21,-748,27,Fighter,,False
712,Asha,39,Laki-laki,Dewasa Tua,453,469,2772,187,2477,2600,268,25,6250,5,Fighter,,False
713,Oak,82,Laki-laki,Lansia,395,418,2315,176,1815,2300,203,22,2085,13,Fighter,,False
714,Tashema,61,Perempuan,Lansia,443,429,2262,188,0,2500,200,24,-4103,30,Penduduk,,False
715,Tadarian,25,Laki-laki,Dewasa Muda,441,421,2582,224,2390,2600,295,25,6978,23,Fighter,,False
716,Kamyla,52,Perempuan,Dewasa Tua,454,422,2803,235,1626,2600,274,25,14527,24,Fighter,,False
717,Teshina,38,Perempuan,Dewasa Tua,407,415,2029,206,153,2500,275,24,-8888,29,Fighter,,False
718,Kendry,37,Laki-laki,Dewasa Tua,442,452,2188,213,1906,2600,261,25,10812,9,Penduduk,,False
719,Darreck,96,Laki-laki,Lansia,403,371,1991,212,664,2300,186,22,940,31,Fighter,,False
720,Reeshemah,19,Perempuan,Dewasa Muda,513,459,2658,172,532,2700,302,26,14473,26,Fighter,,False
721,Dontea,34,Laki-laki,Dewasa Tua,403,453,2712,221,701,2500,292,24,4190,17,Fighter,,False
722,Demea,25,Laki-laki,Dewasa Muda,433,450,2240,216,1917,2600,335,25,-2591,46,Fighter,,False
723,Rickeeta,84,Perempuan,Lansia,387,371,1940,190,455,2300,193,22,1672,37,Fighter,,False
724,Shavetta,49,Perempuan,Dewasa Tua,412,462,2544,241,324,2500,255,24,3328,38,Fighter,,False
725,Vincil,88,Laki-laki,Lansia,353,382,1864,158,1498,2300,183,22,7664,19,Fighter,,False
726,Jacianna,89,Perempuan,Lansia,381,376,1943,175,1233,2300,202,22,1687,33,Fighter,,False
727,Brinly,19,Perempuan,Dewasa Muda,437,441,2777,212,2491,2600,328,25,1121,30,Fighter,,False
728,Fame,84,Perempuan,Lansia,397,348,2661,191,954,2300,215,22,4867,22,Fighter,,False
729,Kenya,16,Laki-laki,Dewasa Muda,482,446,2152,208,564,2600,229,25,14380,31,Fighter,,False
730,Pratiksha,48,Perempuan,Dewasa Tua,476,444,2082,198,1047,2600,232,25,12394,24,Fighter,,False
731,Ranaya,28,Perempuan,Dewasa Muda,402,396,2642,165,1731,2400,240,23,524,21,Fighter,,False
732,Flemming,73,Laki-laki,Lansia,416,452,2182,183,2383,2500,202,24,11993,19,Fighter,,False
733,Remond,49,Laki-laki,Dewasa Tua,408,439,2368,182,2126,2500,236,24,-2685,20,Fighter,,False
734,Sherrl,88,Perempuan,Lansia,484,421,2294,149,1174,2500,192,24,7505,26,Penduduk,,False
735,Judeen,84,Perempuan,Lansia,368,400,2643,167,456,2300,183,22,3152,27,Fighter,,False
736,Madlyne,19,Perempuan,Dewasa Muda,494,465,2176,236,2294,2600,323,25,15087,11,Fighter,,False
737,Francis,39,Laki-laki,Dewasa Tua,477,486,2230,205,202,2700,328,26,22144,24,Fighter,,False
738,Kinly,47,Perempuan,Dewasa Tua,402,421,2231,173,1546,2400,249,23,917,16,Fighter,,False
739,Jaqai,9,Laki-laki,Remaja,63,38,1123,30,672,900,38,8,-4381,31,Fighter,,False
740,Avajane,11,Perempuan,Remaja,234,282,1733,124,850,1900,161,18,16087,37,Fighter,,False
741,Levance,48,Laki-laki,Dewasa Tua,454,401,2629,239,744,2600,232,25,4624,14,Fighter,,False
742,Tytrell,59,Laki-laki,Dewasa Tua,382,328,1802,181,1372,2300,203,22,1400,39,Fighter,,False
743,Deneem,93,Perempuan,Lansia,379,349,2095,174,1986,2300,178,22,2551,26,Fighter,,False
744,Cecillia,60,Perempuan,Lansia,376,415,1883,179,2153,2300,190,22,5571,18,Fighter,,False
745,Skeeter,47,Perempuan,Dewasa Tua,499,461,2108,230,303,2600,177,25,13544,19,Fighter,,False
746,Glendon,57,Perempuan,Dewasa Tua,444,465,2581,172,1017,2600,235,25,16426,14,Fighter,,False
747,Akyrah,55,Perempuan,Dewasa Tua,421,417,2675,148,319,2400,217,23,4426,47,Fighter,,False
748,Montrelle,33,Laki-laki,Dewasa Tua,437,443,2469,190,591,2600,305,25,-26207,47,Fighter,,False
749,Ponciano,68,Laki-laki,Lansia,367,383,2336,190,1987,2300,208,22,1543,30,Fighter,,False
750,Kadaija,53,Perempuan,Dewasa Tua,403,391,2584,207,57,2400,182,23,2119,29,Penduduk,,False
751,Dewell,3,Laki-laki,Anak-anak,54,30,1025,21,414,700,6,6,3594,60,Penduduk,,False
752,Gianah,31,Perempuan,Dewasa Tua,434,448,2751,181,1318,2600,299,25,9043,9,Fighter,,False
753,Quineshia,36,Perempuan,Dewasa Tua,374,376,1986,185,2189,2400,277,23,4906,33,Fighter,,False
754,Naba,62,Perempuan,Lansia,430,418,2629,220,617,2400,225,23,11109,10,Fighter,,False
755,Jeshwa,99,Laki-laki,Lansia,395,429,2109,202,1596,2300,208,22,1452,36,Fighter,,False
756,Jemira,59,Perempuan,Dewasa Tua,393,418,2100,143,2140,2300,234,22,2873,7,Fighter,,False
757,Adilen,37,Perempuan,Dewasa Tua,420,435,2508,198,1626,2400,280,23,-1536,37,Fighter,,False
758,Zavia,69,Perempuan,Lansia,454,414,2539,187,1258,2500,215,24,1697,25,Fighter,,False
759,Mckel,92,Perempuan,Lansia,422,394,2341,181,301,2300,186,22,4025,18,Fighter,,False
760,Yasen,74,Laki-laki,Lansia,438,432,2701,183,353,2400,174,23,10528,17,Fighter,,False
761,hariyono,86,Laki-laki,Lansia,401,402,1881,177,532,2300,166,22,4906,8,Fighter,,False
762,Latera,93,Perempuan,Lansia,432,428,2283,198,0,2400,208,23,6743,38,Fighter,,False
763,Daaimah,90,Perempuan,Lansia,377,417,1802,192,1256,2300,205,22,3843,40,Fighter,,False
764,Shalie,23,Perempuan,Dewasa Muda,456,470,2779,235,258,2700,336,26,17054,13,Prajurit,,False
765,Aneshia,29,Perempuan,Dewasa Muda,442,468,2611,219,433,2600,294,25,2544,25,Penduduk,,False
766,Marlys,78,Perempuan,Lansia,399,406,2287,182,918,2300,192,22,3833,30,Fighter,,False
767,Tishana,49,Perempuan,Dewasa Tua,450,425,2180,193,630,2600,259,25,8672,6,Fighter,,False
768,Dannalyn,88,Perempuan,Lansia,403,375,2512,189,268,2300,171,22,3587,51,Fighter,,False
769,Madeleyn,42,Perempuan,Dewasa Tua,385,395,2191,177,15,2400,260,23,-3203,28,Fighter,,False
770,Angalee,16,Perempuan,Dewasa Muda,357,392,1831,179,1850,2300,232,22,-948,16,Fighter,,False
771,Makayliah,58,Perempuan,Dewasa Tua,391,362,2636,166,987,2300,179,22,2160,21,Fighter,,False
772,Ashyr,34,Laki-laki,Dewasa Tua,431,459,2067,190,1891,2600,341,25,4056,16,Fighter,,False
773,Mostafa,93,Laki-laki,Lansia,330,363,1802,166,1684,2200,160,21,5401,20,Fighter,,False
774,Devoe,57,Laki-laki,Dewasa Tua,382,350,2105,191,1140,2300,177,22,1871,14,Fighter,,False
775,Damariae,44,Laki-laki,Dewasa Tua,443,398,2300,217,2344,2500,275,24,2189,14,Penduduk,,False
776,Lucelenia,84,Perempuan,Lansia,448,361,2021,186,1321,2500,176,24,21393,32,Fighter,,False
777,Sharica,58,Perempuan,Dewasa Tua,452,413,2235,229,451,2600,257,25,9540,28,Penduduk,,False
778,Akyah,11,Perempuan,Remaja,278,261,1875,126,283,1900,140,18,16705,14,Fighter,,False
779,Ahlona,44,Perempuan,Dewasa Tua,463,457,2828,192,905,2600,375,25,-784,21,Fighter,,False
780,Kassan,3,Laki-laki,Anak-anak,52,29,781,33,297,700,10,6,3579,33,Fighter,,False
781,Alan,38,Laki-laki,Dewasa Tua,491,410,2179,172,1361,2600,304,25,13767,12,Fighter,,False
782,Tristanjames,37,Laki-laki,Dewasa Tua,445,451,2306,173,705,2600,259,25,8758,10,Fighter,,False
783,Treona,16,Perempuan,Dewasa Muda,446,416,2416,192,339,2500,241,24,-4197,26,Fighter,,False
784,Dewan,52,Perempuan,Dewasa Tua,448,423,2225,198,2388,2500,225,24,6181,10,Fighter,,False
785,Aahliyah,30,Perempuan,Dewasa Tua,435,507,2635,206,844,2600,297,25,-11144,5,Fighter,,False
786,Masao,79,Laki-laki,Lansia,418,406,2041,186,411,2400,224,23,2400,17,Fighter,,False
787,Quinnten,36,Laki-laki,Dewasa Tua,494,455,2302,194,494,2700,325,26,30275,10,Fighter,,False
788,Sukie,24,Perempuan,Dewasa Muda,471,460,2554,191,2490,2600,281,25,9546,34,Fighter,,False
789,Trung,61,Laki-laki,Lansia,476,408,2604,179,1244,2600,226,25,14522,40,Fighter,,False
790,Kager,55,Laki-laki,Dewasa Tua,449,419,2208,210,2444,2500,186,24,10066,23,Fighter,,False
791,Elorah,77,Perempuan,Lansia,395,407,2227,198,951,2300,164,22,1770,23,Fighter,,False
792,feni safitri,83,Laki-laki,Lansia,385,399,2198,190,663,2300,169,22,1720,6,Fighter,,False
793,Caleab,14,Laki-laki,Remaja,504,459,2349,215,5,2600,194,25,16673,18,Fighter,,False
794,Zaneria,77,Perempuan,Lansia,454,420,2202,199,2109,2400,183,23,-1911,5,Fighter,,False
795,Nashon,64,Laki-laki,Lansia,390,367,2145,205,457,2300,174,22,-1175,14,Fighter,,False
796,Martaz,26,Laki-laki,Dewasa Muda,474,447,2349,173,2099,2600,321,25,1148,9,Fighter,,False
797,Allean,92,Perempuan,Lansia,412,415,1935,201,118,2300,172,22,192,20,Fighter,,False
798,Duyen,50,Perempuan,Dewasa Tua,359,372,2263,194,2125,2300,196,22,1719,43,Fighter,,False
799,Norrie,53,Perempuan,Dewasa Tua,454,464,2661,203,487,2600,209,25,-9426,14,Penduduk,,False
800,Kalae,9,Perempuan,Remaja,43,75,1315,32,0,1000,40,9,-4552,14,Fighter,,False
801,Dormon,40,Laki-laki,Dewasa Tua,470,419,2093,201,2445,2600,317,25,6619,4,Fighter,,False
802,Romeka,42,Perempuan,Dewasa Tua,456,452,1972,200,298,2600,332,25,4395,36,Fighter,,False
803,Izyan,19,Laki-laki,Dewasa Muda,389,403,2187,154,846,2400,259,23,3498,34,Fighter,,False
804,Lataiya,28,Perempuan,Dewasa Muda,430,417,2462,199,2318,2600,346,25,9533,25,Fighter,,False
805,Tinh,17,Laki-laki,Dewasa Muda,434,389,2800,191,2394,2500,253,24,22283,33,Fighter,,False
806,Darshay,72,Perempuan,Lansia,396,397,2565,160,563,2300,173,22,1627,18,Fighter,,False
807,Deilani,31,Perempuan,Dewasa Tua,400,363,1891,163,1363,2400,239,23,1370,20,Fighter,,False
808,Leshelle,88,Perempuan,Lansia,385,392,2539,184,684,2300,176,22,13310,18,Prajurit,,False
809,Wael,79,Laki-laki,Lansia,360,393,2116,188,1379,2300,208,22,-141,33,Fighter,,False
810,Blue,61,Laki-laki,Lansia,417,387,2508,202,16,2400,213,23,-3524,0,Fighter,,False
811,Juan,34,Laki-laki,Dewasa Tua,487,459,2296,228,1345,2600,264,25,-5253,32,Fighter,,False
812,Soyoung,13,Perempuan,Remaja,389,408,2006,215,107,2400,229,23,2878,34,Penduduk,,False
813,Nijiah,83,Perempuan,Lansia,350,383,2354,198,1655,2200,161,21,1301,35,Fighter,,False
814,Jess,40,Laki-laki,Dewasa Tua,446,463,2310,197,1281,2600,318,25,19488,18,Fighter,,False
815,Samrudh,16,Laki-laki,Dewasa Muda,428,394,2258,202,1711,2500,220,24,7597,18,Fighter,,False
816,Jamaar,47,Laki-laki,Dewasa Tua,458,426,2391,178,1587,2500,267,24,-20295,19,Fighter,,False
817,Jada,85,Perempuan,Lansia,400,397,1879,148,893,2200,185,21,1408,33,Fighter,,False
818,Rikhia,92,Perempuan,Lansia,384,366,2540,176,1461,2200,155,21,1908,27,Fighter,,False
819,Pinckney,42,Laki-laki,Dewasa Tua,498,478,2378,226,0,2700,271,26,1442,23,Fighter,,False
820,Jaxon,68,Laki-laki,Lansia,379,398,2318,190,514,2300,166,22,-529,19,Fighter,,False
821,Hyatt,48,Laki-laki,Dewasa Tua,418,385,2165,164,1027,2400,234,23,-10745,50,Fighter,,False
822,Natha,59,Perempuan,Dewasa Tua,409,382,2494,197,1675,2400,219,23,6833,28,Fighter,,False
823,Jerauld,97,Laki-laki,Lansia,433,398,2599,213,1176,2400,193,23,4260,29,Fighter,,False
824,Temira,31,Perempuan,Dewasa Tua,498,459,2559,187,2527,2600,316,25,14865,15,Fighter,,False
825,Rikkie,52,Perempuan,Dewasa Tua,386,393,2356,179,1908,2300,219,22,-702,24,Fighter,,False
826,Quinnette,80,Perempuan,Lansia,407,408,2166,184,85,2300,181,22,-458,19,Fighter,,False
827,Lashay,40,Laki-laki,Dewasa Tua,392,427,2088,193,2132,2400,301,23,2511,20,Fighter,,False
828,Lafe,47,Laki-laki,Dewasa Tua,400,416,2641,203,1250,2400,234,23,-75,23,Fighter,,False
829,Chue,62,Laki-laki,Lansia,391,371,2056,193,1669,2300,221,22,2630,30,Fighter,,False
830,Vercie,5,Perempuan,Anak-anak,40,46,800,23,243,700,11,6,3545,67,Fighter,,False
831,Mykeal,54,Laki-laki,Dewasa Tua,416,400,2051,151,692,2400,206,23,6222,23,Fighter,,False
832,Rhylei,35,Perempuan,Dewasa Tua,410,390,2498,209,100,2500,296,24,963,19,Fighter,,False
833,Jamorion,68,Laki-laki,Lansia,435,412,2076,206,999,2500,176,24,-4,31,Fighter,,False
834,Kenzel,30,Laki-laki,Dewasa Tua,428,437,2602,199,1585,2600,295,25,1003,18,Fighter,,False
835,Eriane,92,Perempuan,Lansia,474,420,2483,181,1497,2500,225,24,-1680,27,Penduduk,,False
836,Skilah,95,Perempuan,Lansia,393,409,2148,177,1918,2200,158,21,4396,23,Fighter,,False
837,Osiel,88,Laki-laki,Lansia,376,385,2512,164,1527,2200,165,21,15964,21,Prajurit,,False
838,Traig,83,Laki-laki,Lansia,454,374,2098,205,1036,2500,200,24,344,21,Fighter,,False
839,Jadea,7,Perempuan,Remaja,41,40,673,24,480,700,20,6,3528,42,Fighter,,False
840,Navdeep,62,Laki-laki,Lansia,375,402,2553,187,798,2300,190,22,3012,26,Fighter,,False
841,Zakarey,84,Laki-laki,Lansia,329,369,2011,174,1356,2200,159,21,1643,22,Fighter,,False
842,Zakhi,23,Laki-laki,Dewasa Muda,482,460,2249,235,197,2700,302,26,-9822,32,Penduduk,,False
843,faiz ahza praditya,73,Laki-laki,Lansia,402,352,2051,200,537,2300,160,22,1876,35,Fighter,,False
844,Helon,65,Laki-laki,Lansia,486,438,2366,209,26,2600,210,25,-278,25,Fighter,,False
845,Timarcus,3,Laki-laki,Anak-anak,50,38,532,33,115,700,5,6,3583,29,Penduduk,,False
846,Savana,61,Perempuan,Lansia,362,383,2364,158,1391,2300,185,22,2652,31,Fighter,,False
847,Keneth,79,Laki-laki,Lansia,427,406,2572,185,33,2300,172,22,-1527,25,Fighter,,False
848,Shawki,66,Laki-laki,Lansia,369,388,2637,174,855,2300,203,22,2215,22,Fighter,,False
849,Christapher,77,Laki-laki,Lansia,389,384,2289,140,1431,2300,179,22,1607,22,Fighter,,False
850,Schelle,10,Perempuan,Remaja,115,101,837,69,914,1300,84,12,5233,38,Fighter,,False
851,paijem,46,Perempuan,Dewasa Tua,450,449,2313,202,502,2600,292,25,-138,22,Fighter,,False
852,Rahnasia,69,Perempuan,Lansia,418,435,1799,183,1385,2400,201,23,2807,20,Fighter,,False
853,Keymonte,16,Laki-laki,Dewasa Muda,440,418,2651,179,977,2600,265,25,3821,35,Fighter,,False
854,Lesia,40,Perempuan,Dewasa Tua,471,505,2763,215,514,2700,367,26,20612,31,Fighter,,False
855,Christophermich,24,Laki-laki,Dewasa Muda,453,426,2245,205,2573,2600,314,25,12459,30,Fighter,,False
856,Zira,21,Perempuan,Dewasa Muda,379,415,1962,185,883,2400,296,23,-1405,31,Fighter,,False
857,suprapti,9,Perempuan,Remaja,69,60,606,43,225,900,29,8,-3351,45,Fighter,,False
858,Tiffanyann,9,Perempuan,Remaja,45,42,606,22,96,700,20,6,3529,41,Fighter,,False
859,Robertanthony,69,Laki-laki,Lansia,425,407,2279,192,875,2400,194,23,6612,22,Fighter,,False
860,Daris,53,Laki-laki,Dewasa Tua,389,448,2129,190,1961,2300,213,22,176,18,Fighter,,False
861,Farjana,19,Perempuan,Dewasa Muda,441,448,2470,193,1848,2600,370,25,5198,20,Fighter,,False
862,Keyon,13,Perempuan,Remaja,449,441,2422,201,1897,2500,222,24,-2115,21,Fighter,,False
863,Sakiya,54,Perempuan,Dewasa Tua,477,456,2672,223,2225,2600,241,25,960,29,Fighter,,False
864,Quinterious,29,Laki-laki,Dewasa Muda,440,484,2413,209,2226,2600,340,25,452,40,Fighter,,False
865,Verne,95,Laki-laki,Lansia,398,450,2471,193,1207,2300,194,22,2049,17,Penduduk,,False
866,Marjon,75,Laki-laki,Lansia,416,393,2339,189,2087,2400,192,23,5635,31,Fighter,,False
867,Keylani,89,Perempuan,Lansia,388,372,2094,180,1938,2200,128,21,2939,32,Fighter,,False
868,Ryne,70,Laki-laki,Lansia,434,386,2257,196,639,2400,183,23,4017,17,Penduduk,,False
869,Sujan,27,Laki-laki,Dewasa Muda,482,467,2103,214,206,2700,369,26,12269,16,Fighter,,False
870,Callin,99,Laki-laki,Lansia,429,364,2424,204,1727,2400,183,23,12399,14,Fighter,,False
871,Nascha,82,Perempuan,Lansia,463,421,2174,204,1451,2500,248,24,-6671,20,Fighter,,False
872,Dontray,78,Laki-laki,Lansia,453,435,2887,225,1312,2500,196,24,9035,35,Fighter,,False
873,Kezzy,93,Perempuan,Lansia,440,483,2574,223,2227,2500,205,24,20130,47,Fighter,,False
874,Antoneshia,97,Perempuan,Lansia,375,370,2070,174,821,2300,179,22,1494,22,Fighter,,False
875,Varick,76,Laki-laki,Lansia,448,434,2524,195,85,2400,196,23,-12126,16,Fighter,,False
876,Dariun,37,Laki-laki,Dewasa Tua,491,420,2632,228,458,2600,372,25,14569,21,Fighter,,False
877,Motty,8,Laki-laki,Remaja,35,45,436,27,284,700,19,6,3513,57,Fighter,,False
878,Fania,72,Perempuan,Lansia,384,404,2170,192,384,2300,188,22,2189,27,Fighter,,False
879,Chika,26,Laki-laki,Dewasa Muda,468,475,2898,216,344,2600,297,25,6045,10,Fighter,,False
880,Brookelin,24,Perempuan,Dewasa Muda,472,426,2556,215,2488,2600,307,25,16090,18,Fighter,,False
881,Jelani,44,Laki-laki,Dewasa Tua,451,474,2527,212,1809,2600,333,25,2313,28,Fighter,,False
882,Willabelle,92,Perempuan,Lansia,379,408,2569,167,1480,2300,185,22,1519,35,Fighter,,False
883,Ebenezer,29,Laki-laki,Dewasa Muda,448,454,2933,199,295,2700,344,26,18189,22,Fighter,,False
884,Kateleigh,68,Perempuan,Lansia,431,451,2482,219,235,2400,189,23,5140,27,Fighter,,False
885,Noland,43,Laki-laki,Dewasa Tua,477,463,2324,203,906,2700,609,26,-16763,31,Fighter,,False
886,Tylei,8,Perempuan,Remaja,46,48,771,25,349,700,23,6,3566,88,Fighter,,False
887,Danixa,5,Perempuan,Anak-anak,56,32,1183,29,451,700,19,6,3546,66,Fighter,,False
888,Dalyn,85,Laki-laki,Lansia,397,421,2257,197,875,2300,190,22,1836,26,Fighter,,False
889,Shamar,85,Perempuan,Lansia,370,413,2435,201,233,2300,180,22,2348,43,Fighter,,False
890,Salene,80,Perempuan,Lansia,426,441,2614,207,984,2400,206,23,8847,18,Fighter,,False
891,Kaliah,93,Perempuan,Lansia,381,382,2660,163,1005,2300,182,22,2463,21,Fighter,,False
892,Taylour,19,Laki-laki,Dewasa Muda,481,439,2790,208,128,2700,321,26,-8815,16,Fighter,,False
893,Chezky,95,Laki-laki,Lansia,453,441,2486,209,409,2400,190,23,-3262,32,Fighter,,False
894,Leila,17,Laki-laki,Dewasa Muda,449,438,2659,207,1622,2600,365,25,-16719,21,Fighter,,False
895,Shiri,83,Perempuan,Lansia,374,381,2186,185,946,2300,162,22,1601,21,Fighter,,False
896,Lannie,30,Laki-laki,Dewasa Tua,455,452,2650,218,459,2600,270,25,17826,14,Fighter,,False
897,Kenli,39,Perempuan,Dewasa Tua,449,450,2326,209,1528,2600,369,25,17322,20,Fighter,,False
898,Bowdy,36,Laki-laki,Dewasa Tua,482,487,2370,209,1593,2600,283,25,5905,15,Fighter,,False
899,Crayton,14,Laki-laki,Remaja,466,456,2606,172,432,2600,221,25,2191,17,Fighter,,False
900,Rubby,53,Perempuan,Dewasa Tua,485,475,2265,200,95,2600,231,25,12751,30,Fighter,,False
901,Stanislaw,8,Laki-laki,Remaja,51,69,818,31,105,1000,38,9,-4117,46,Penduduk,,False
902,Clay,22,Laki-laki,Dewasa Muda,447,459,2282,190,2220,2600,313,25,-4687,29,Fighter,,False
903,Keshone,27,Laki-laki,Dewasa Muda,466,449,2755,213,1594,2600,293,25,13087,19,Fighter,,False
904,Brannigan,93,Laki-laki,Lansia,436,416,2140,222,1197,2500,169,24,20827,36,Fighter,,False
905,Kirrah,86,Perempuan,Lansia,372,401,2457,201,580,2300,159,22,1990,18,Penduduk,,False
906,Jamaurion,30,Laki-laki,Dewasa Tua,421,472,2525,179,320,2600,307,25,1221,34,Fighter,,False
907,Kaygen,55,Perempuan,Dewasa Tua,337,384,2227,165,2088,2300,189,22,-1023,25,Fighter,,False
908,Nevelle,37,Laki-laki,Dewasa Tua,468,462,2399,181,2090,2600,288,25,12641,37,Fighter,,False
909,Kailee,22,Laki-laki,Dewasa Muda,369,409,1884,215,1433,2400,254,23,1347,14,Fighter,,False
910,Teresa,38,Laki-laki,Dewasa Tua,504,457,2582,225,1815,2600,290,25,-755,7,Fighter,,False
911,Etta,66,Laki-laki,Lansia,419,423,2411,170,805,2400,189,23,-2146,33,Fighter,,False
912,Nuriah,68,Perempuan,Lansia,374,392,2035,187,1063,2300,207,22,587,12,Fighter,,False
913,Cailah,38,Perempuan,Dewasa Tua,500,420,2740,194,1526,2600,355,25,1434,25,Fighter,,False
914,Waneda,64,Perempuan,Lansia,389,418,2323,194,631,2300,183,22,2690,15,Fighter,,False
915,Abbygayl,26,Perempuan,Dewasa Muda,410,474,2090,220,240,2600,313,25,-3613,23,Fighter,,False
916,Dequarious,16,Laki-laki,Dewasa Muda,439,478,2178,183,2105,2600,250,25,20961,24,Fighter,,False
917,Davarian,9,Laki-laki,Remaja,42,62,1082,32,849,900,36,8,-4589,54,Penduduk,,False
918,Revelle,6,Laki-laki,Anak-anak,53,57,826,27,196,700,13,6,3581,73,Fighter,,False
919,Lucyanna,62,Perempuan,Lansia,364,387,2376,135,1582,2300,188,22,-519,19,Fighter,,False
920,Zee,79,Laki-laki,Lansia,431,413,2498,175,2231,2400,208,23,-7024,27,Fighter,,False
921,Elles,11,Laki-laki,Remaja,281,277,1577,96,1042,1900,160,18,13652,42,Penduduk,,False
922,Daveon,99,Laki-laki,Lansia,389,398,2555,180,84,2300,197,22,2927,22,Fighter,,False
923,Luukas,7,Laki-laki,Remaja,50,55,675,19,260,700,19,6,3533,37,Fighter,,False
924,Cypress,78,Laki-laki,Lansia,441,425,2185,197,2455,2500,213,24,3389,28,Fighter,,False
925,Matrim,91,Laki-laki,Lansia,406,321,2234,179,1769,2200,153,21,7077,7,Fighter,,False
926,Donzella,90,Perempuan,Lansia,455,430,2222,215,57,2500,205,24,11341,15,Penduduk,,False
927,Mikeayla,19,Perempuan,Dewasa Muda,408,468,2533,191,189,2400,249,23,1345,23,Fighter,,False
928,Sharief,38,Laki-laki,Dewasa Tua,473,449,2198,208,1960,2600,344,25,-10499,11,Fighter,,False
929,Satonya,46,Perempuan,Dewasa Tua,463,425,2085,212,170,2500,247,24,1203,19,Fighter,,False
930,Seandre,27,Laki-laki,Dewasa Muda,491,471,2547,214,1474,2700,356,26,8467,31,Penduduk,,False
931,Dickson,63,Laki-laki,Lansia,377,421,2310,167,0,2300,150,22,2077,25,Fighter,,False
932,Valentine,91,Laki-laki,Lansia,378,373,2139,157,2142,2200,172,21,4613,26,Fighter,,False
933,Beneta,58,Perempuan,Dewasa Tua,368,409,2168,168,1483,2300,189,22,1745,13,Fighter,,False
934,Reyez,12,Laki-laki,Remaja,354,376,2102,193,1331,2300,160,22,20709,29,Penduduk,,False
935,Maxene,94,Perempuan,Lansia,392,423,2052,159,746,2300,169,22,-308,24,Fighter,,False
936,Amesha,39,Perempuan,Dewasa Tua,348,428,2774,157,921,2400,267,23,3570,31,Fighter,,False
937,Meredith,29,Laki-laki,Dewasa Muda,469,445,2373,180,813,2600,296,25,-775,38,Fighter,,False
938,Jasreet,45,Perempuan,Dewasa Tua,429,452,2639,202,737,2600,299,25,-7421,15,Fighter,,False
939,Nehemia,43,Laki-laki,Dewasa Tua,462,459,2743,241,328,2700,597,26,11517,14,Fighter,,False
940,Draven,93,Perempuan,Lansia,355,393,2425,135,1741,2200,171,21,2070,26,Fighter,,False
941,Bower,7,Laki-laki,Remaja,49,50,1040,21,381,700,24,6,3557,55,Fighter,,False
942,Kaiesha,6,Perempuan,Anak-anak,36,54,775,29,293,700,13,6,3547,65,Fighter,,False
943,Dayshanay,43,Perempuan,Dewasa Tua,451,458,2867,201,857,2700,592,26,16428,25,Penduduk,,False
944,Jarae,69,Perempuan,Lansia,353,402,2183,178,1751,2300,180,22,2110,13,Fighter,,False
945,Nolawi,91,Laki-laki,Lansia,368,381,2280,175,1188,2200,150,21,501,12,Fighter,,False
946,Zareyah,96,Perempuan,Lansia,435,411,2457,173,2175,2400,194,23,855,9,Fighter,,False
947,alif ardana,13,Laki-laki,Remaja,473,481,2422,216,1690,2600,256,25,6808,18,Fighter,,False
948,Austan,36,Laki-laki,Dewasa Tua,414,414,2052,232,2367,2500,279,24,2818,14,Fighter,,False
949,Yianni,5,Laki-laki,Anak-anak,43,44,732,26,229,700,14,6,3535,35,Fighter,,False
950,Illidan,41,Laki-laki,Dewasa Tua,457,443,2170,219,1967,2600,338,25,11433,36,Fighter,,False
951,Jeffro,73,Laki-laki,Lansia,369,383,2347,164,2040,2200,155,21,108,24,Fighter,,False
952,Terin,3,Perempuan,Anak-anak,54,59,626,26,428,700,8,6,3528,42,Penduduk,,False
953,Damone,7,Laki-laki,Remaja,34,20,560,30,344,700,24,6,3526,44,Fighter,,False
954,Hareld,99,Laki-laki,Lansia,399,394,2154,195,1119,2300,183,22,1527,22,Fighter,,False
955,Crystale,30,Perempuan,Dewasa Tua,470,446,2416,228,2392,2600,366,25,20935,30,Fighter,,False
956,Rulon,80,Laki-laki,Lansia,446,410,2451,202,1237,2400,171,23,4115,18,Fighter,,False
957,Kalliopi,77,Perempuan,Lansia,369,378,2009,187,1256,2300,168,22,3107,27,Fighter,,False
958,hani sali sati,97,Perempuan,Lansia,370,383,2171,185,787,2300,202,22,5306,45,Fighter,,False
959,Isaabella,14,Perempuan,Remaja,459,474,2239,180,948,2600,278,25,7120,22,Penduduk,,False
960,Charleene,72,Perempuan,Lansia,399,395,2127,189,264,2300,173,22,1579,16,Fighter,,False
961,Shigeko,101,Perempuan,Lansia,387,399,2087,201,748,2300,217,22,2325,9,Fighter,,False
962,Caeleb,54,Laki-laki,Dewasa Tua,430,412,2037,187,174,2400,200,23,5834,18,Fighter,,False
963,Ingris,79,Perempuan,Lansia,432,425,2559,212,1628,2400,181,23,-9375,23,Penduduk,,False
964,Sagal,29,Perempuan,Dewasa Muda,459,463,2234,197,202,2700,336,26,11479,14,Fighter,,False
965,Trieu,3,Laki-laki,Anak-anak,38,54,1145,33,133,700,7,6,3514,56,Fighter,,False
966,Kamaiyah,16,Perempuan,Dewasa Muda,483,458,2257,226,347,2600,237,25,11681,8,Penduduk,,False
967,Zoraida,49,Perempuan,Dewasa Tua,427,405,2262,206,2376,2500,228,24,16142,27,Fighter,,False
968,Indiyah,85,Perempuan,Lansia,377,397,1978,195,67,2300,189,22,-150,29,Fighter,,False
969,Tanara,92,Perempuan,Lansia,356,395,2638,190,708,2300,204,22,3634,29,Fighter,,False
970,Nacy,56,Perempuan,Dewasa Tua,440,425,2544,181,1746,2500,214,24,-23962,27,Fighter,,False
971,Girish,93,Laki-laki,Lansia,376,392,1986,171,1515,2200,181,21,1622,18,Fighter,,False
972,Ayres,65,Laki-laki,Lansia,464,389,2122,192,1001,2400,214,23,589,39,Fighter,,False
973,Racey,100,Perempuan,Lansia,379,351,2516,155,1965,2200,179,21,11508,30,Prajurit,,False
974,Islah,71,Perempuan,Lansia,497,387,2501,184,2007,2500,236,24,5145,12,Fighter,,False
975,Antwana,30,Laki-laki,Dewasa Tua,408,383,2184,211,1251,2500,332,24,-6744,32,Fighter,,False
976,Lyrics,85,Perempuan,Lansia,429,398,2396,180,678,2400,214,23,4685,7,Fighter,,False
977,Silbestre,65,Laki-laki,Lansia,374,408,2544,187,1874,2300,200,22,2419,14,Fighter,,False
978,Jaydenjames,69,Laki-laki,Lansia,371,400,1955,182,580,2300,175,22,1993,26,Fighter,,False
979,Tashae,61,Perempuan,Lansia,330,386,2081,157,942,2300,178,22,1820,22,Fighter,,False
980,Mikhiya,10,Perempuan,Remaja,124,142,728,59,642,1100,71,10,9816,55,Fighter,,False
981,Waylynn,90,Laki-laki,Lansia,429,444,2531,195,1490,2400,220,23,4877,16,Fighter,,False
982,Venezia,75,Perempuan,Lansia,342,381,1761,152,1551,2200,140,21,3680,26,Fighter,,False
983,Derriyah,15,Perempuan,Dewasa Muda,464,421,2447,221,1102,2600,251,25,27197,26,Fighter,,False
984,Suen,89,Laki-laki,Lansia,389,377,1886,177,381,2300,156,22,4160,34,Penduduk,,False
985,Lim,53,Laki-laki,Dewasa Tua,418,463,2430,205,2409,2500,213,24,-1394,28,Fighter,,False
986,Adalys,20,Perempuan,Dewasa Muda,460,455,2912,211,536,2700,313,26,27811,23,Fighter,,False
987,Taylorjames,95,Laki-laki,Lansia,420,359,2357,186,92,2300,170,22,3762,34,Fighter,,False
988,Lawerance,22,Laki-laki,Dewasa Muda,476,490,2853,216,142,2600,270,25,14532,27,Fighter,,False
989,Avree,32,Perempuan,Dewasa Tua,489,433,2725,183,355,2700,293,26,30838,15,Fighter,,False
990,Armanii,31,Laki-laki,Dewasa Tua,444,439,2901,200,2368,2600,325,25,63467,17,Panglima,,False
991,Raby,45,Laki-laki,Dewasa Tua,514,481,2850,179,189,2700,364,26,24316,17,Fighter,,False
992,Jarvous,52,Laki-laki,Dewasa Tua,417,428,2087,197,1948,2400,209,23,2570,21,Fighter,,False
993,Lindo,51,Laki-laki,Dewasa Tua,355,441,2039,178,2148,2300,162,22,3635,21,Fighter,,False
994,Jago,24,Laki-laki,Dewasa Muda,424,410,2506,218,234,2600,271,25,3435,11,Fighter,,False
995,Lanikai,89,Perempuan,Lansia,367,389,2576,160,1082,2300,178,22,1571,25,Fighter,,False
996,Edyta,61,Perempuan,Lansia,389,401,2560,156,2192,2200,182,21,1646,41,Fighter,,False
997,Markease,62,Laki-laki,Lansia,389,438,2156,181,448,2300,148,22,2394,16,Fighter,,False
998,Neriah,58,Laki-laki,Dewasa Tua,381,388,2551,172,2183,2300,222,22,1318,33,Fighter,,False
999,Lawell,88,Laki-laki,Lansia,383,398,2354,179,1252,2300,162,22,1842,17,Fighter,,False
